2016-10-15 08:52:05.643000,CNCB0(0),,FF 02 F0 01 4D 6D 0A 03
2016-10-15 08:52:05.659000,com5(1),CNCB0(0),FF 02 F0 03 08 46 4D BC 80 03
2016-10-15 08:52:05.783000,CNCB0(0),,FF 02 83 02 00 80 BF 17 03
2016-10-15 08:52:05.783000,com5(1),CNCB0(0),FF 02 83 83 08 46 00 0D 00 08 46 04 33 31 31 0E 06 04 6F 21 FF FF FF 02 06 00 1B 17 3F 18 18 06 29 08 05 3E FE 0A EB 0A EB FF FF FF FF FF FF FF FF FF FF FF FF FF FF 92 BA 1A 42 00 FF FF E1 FF FF FF FF FF 01 01 FF 0B 07 0C 00 0D 5D 0E 44 0F EC 10 2D 11 3B 12 73 13 23 14 3B 15 01 19 1D 1A 1C 1B C7 1C 00 1D B0 21 B6 22 10 23 EA 24 0A 25 00 26 11 2C 88 2D 31 2E 0B FF FF FF FF FF FF FF FF FF FF FF FF FF FF D4 1C 03
2016-10-15 08:52:06.189000,CNCB0(0),,FF 02 F7 00 F7 00 03
2016-10-15 08:52:06.189000,com5(1),CNCB0(0),FF 02 F7 09 08 46 00 00 00 00 00 B9 58 80 C0 03
2016-10-15 08:55:35.916000,CNCB0(0),,FF 02 F0 01 4D 6D 0A 03
2016-10-15 08:55:35.931000,com5(1),CNCB0(0),FF 02 F0 03 08 46 4D BC 80 03
2016-10-15 08:55:36.072000,CNCB0(0),,FF 02 83 02 00 80 BF 17 03
2016-10-15 08:55:36.072000,com5(1),CNCB0(0),FF 02 83 83 08 46 00 0D 00 08 46 04 33 31 31 0E 06 04 6F 21 FF FF FF 02 06 00 1B 17 3F 18 18 06 29 08 05 3E FE 0A EB 0A EB FF FF FF FF FF FF FF FF FF FF FF FF FF FF 92 BA 1A 42 00 FF FF E1 FF FF FF FF FF 01 01 FF 0B 07 0C 00 0D 5D 0E 44 0F EC 10 2D 11 3B 12 73 13 23 14 3B 15 01 19 1D 1A 1C 1B C7 1C 00 1D B0 21 B6 22 10 23 EA 24 0A 25 00 26 11 2C 88 2D 31 2E 0B FF FF FF FF FF FF FF FF FF FF FF FF FF FF D4 1C 03
2016-10-15 08:55:36.493000,CNCB0(0),,FF 02 F7 00 F7 00 03
2016-10-15 08:55:36.493000,com5(1),CNCB0(0),FF 02 F7 09 08 46 00 00 00 00 01 6B B8 E4 2F 03
2016-10-15 09:41:21.361000,com5(1),CNCB0(0),
2016-10-15 09:41:53.725000,CNCB0(0),,FF 02 F0 01 4D 6D 0A 03
2016-10-15 09:41:53.725000,com5(1),CNCB0(0),FF 02 F0 03 08 46 4D BC 80 03
2016-10-15 09:41:53.834000,CNCB0(0),,FF 02 83 02 00 80 BF 17 03
2016-10-15 09:41:53.834000,com5(1),CNCB0(0),FF 02 83 83 08 46 00 0D 00 08 46 04 33 31 31 0E 06 04 6F 21 FF FF FF 02 06 00 1B 17 3F 18 18 06 29 08 05 3E FE 0A EB 0A EB FF FF FF FF FF FF FF FF FF FF FF FF FF FF 92 BA 1A 42 00 FF FF E1 FF FF FF FF FF 01 01 FF 0B 07 0C 00 0D 5D 0E 44 0F EC 10 2D 11 3B 12 73 13 23 14 3B 15 01 19 1D 1A 1C 1B C7 1C 00 1D B0 21 B6 22 10 23 EA 24 0A 25 00 26 11 2C 88 2D 31 2E 0B FF FF FF FF FF FF FF FF FF FF FF FF FF FF D4 1C 03
2016-10-15 09:41:53.990000,CNCB0(0),,FF 02 F7 00 F7 00 03
2016-10-15 09:41:53.990000,com5(1),CNCB0(0),FF 02 F7 09 08 46 00 00 00 00 00 0F FC A7 77 03
2016-10-15 09:59:54.097000,com5(1),CNCB0(0),FF 02 D3 0D 00 04 00 02 80 29 0C 8C 96 9D 00 01 00 F2 8B 03
2016-10-15 10:02:16.556000,com5(1),CNCB0(0),FF 02 D3 0D 00 04 00 02 80 29 0C 8D 25 14 00 01 08 8C 72 03
2016-10-15 11:06:13.024000,CNCB0(0),,FF 02 02 F0 01 4D 6D 0A 03
2016-10-15 11:06:13.024000,com5(1),CNCB0(0),FF 02 F0 03 08 46 4D BC 80 03
2016-10-15 11:06:13.056000,CNCB0(0),,FF 02 02 83 02 74 01 04 14 03
2016-10-15 11:06:13.056000,com5(1),CNCB0(0),FF 02 83 04 08 46 74 FF 96 17 03
2016-10-15 11:06:13.118000,CNCB0(0),,FF 02 02 F0 01 4D 6D 0A 03
2016-10-15 11:06:13.118000,com5(1),CNCB0(0),FF 02 F0 03 08 46 4D BC 80 03
2016-10-15 11:06:13.290000,CNCB0(0),,FF 02 02 83 02 00 80 BF 17 03
2016-10-15 11:06:13.290000,com5(1),CNCB0(0),FF 02 83 83 08 46 00 0D 00 08 46 04 33 31 31 0E 06 04 6F 21 FF FF FF 02 06 00 1B 17 3F 18 18 06 29 08 05 3E FE 0A EB 0A EB FF FF FF FF FF FF FF FF FF FF FF FF FF FF 92 BA 1A 42 00 FF FF E1 FF FF FF FF FF 01 01 FF 0B 07 0C 00 0D 5D 0E 44 0F EC 10 2D 11 3B 12 73 13 23 14 3B 15 01 19 1D 1A 1C 1B C7 1C 00 1D B0 21 B6 22 10 23 EA 24 0A 25 00 26 11 2C 88 2D 31 2E 0B FF FF FF FF FF FF FF FF FF FF FF FF FF FF D4 1C 03
2016-10-15 11:36:04.312000,com5(1),CNCB0(0),FF 02 D3 0D 00 04 00 1F 50 F5 0C A3 20 72 00 01 10 43 B4 03
2016-10-15 11:36:05.373000,com5(1),CNCB0(0),FF 02 D3 0D 00 04 00 7A 8B 8E 0C A3 22 0B 00 01 18 E0 62 03
2016-10-15 11:37:58.270000,com5(1),CNCB0(0),FF 02 D3 0D 00 04 00 7B 99 A1 0C A3 92 F2 00 01 20 1F DA 03
2016-10-15 11:39:08.580000,com5(1),CNCB0(0),FF 02 D3 0D 00 04 00 1F 57 FB 0C A3 D9 01 00 01 28 77 92 03
2016-10-15 11:39:34.647000,com5(1),CNCB0(0),FF 02 D3 0D 00 04 00 6D F2 99 0C A3 F3 51 00 01 30 6A DA 03
2016-10-15 11:39:44.085000,com5(1),CNCB0(0),FF 02 D3 0D 00 04 00 00 B1 69 0C A3 FC 69 00 01 38 1B CE 03
2016-10-15 11:40:54.566000,com5(1),CNCB0(0),FF 02 D3 0D 00 04 00 1E 9E DE 0C A4 42 FE 00 01 40 FD 61 03
2016-10-15 11:40:57.281000,com5(1),CNCB0(0),FF 02 D3 0D 00 04 00 00 03 CC 0C A4 45 DE 00 01 48 1B F9 03
2016-10-15 11:41:06.298000,com5(1),CNCB0(0),FF 02 D3 0D 00 04 00 04 82 12 0C A4 4E E4 00 01 50 C5 E4 03
2016-10-15 11:41:21.726000,com5(1),CNCB0(0),FF 02 D3 0D 00 04 00 1F 5F F9 0C A4 5E 28 00 01 58 6A E1 03
2016-10-15 11:41:32.864000,com5(1),CNCB0(0),FF 02 D3 0D 00 04 00 15 4D D5 0C A4 69 4B 00 01 60 48 3E 03
2016-10-15 11:41:41.944000,com5(1),CNCB0(0),FF 02 D3 0D 00 04 00 1E C2 4C 0C A4 72 A5 00 01 68 4B 41 03
2016-10-15 11:42:46.231000,com5(1),CNCB0(0),FF 02 D3 0D 00 04 00 7A 9D 76 0C A4 B2 59 00 01 70 DA A9 03
2016-10-15 11:43:01.426000,com5(1),CNCB0(0),FF 02 D3 0D 00 04 00 1F 9E 8F 0C A4 C2 1E 00 01 78 9A AD 03
2016-10-15 11:43:14.779000,com5(1),CNCB0(0),FF 02 D3 0D 00 04 00 6D F9 2D 0C A4 CF 30 00 01 80 E3 56 03
2016-10-15 11:43:58.974000,com5(1),CNCB0(0),FF 02 D3 0D 00 04 00 1E DA ED 0C A4 FB AB 00 01 88 34 E3 03
2016-10-15 11:47:02.696000,com5(1),CNCB0(0),FF 02 D3 0D 00 04 00 7B BF B0 0C A5 B3 61 00 01 90 41 72 03
2016-10-15 11:47:04.084000,com5(1),CNCB0(0),FF 02 D3 0D 00 04 00 89 56 39 0C A5 B4 C5 00 01 98 30 AC 03
2016-10-15 11:47:14.942000,com5(1),CNCB0(0),FF 02 D3 0D 00 04 00 00 03 BE 0C A5 BF 46 00 01 A0 C5 69 03
2016-10-15 11:48:18.918000,com5(1),CNCB0(0),FF 02 D3 0D 00 04 00 00 B0 F4 0C A5 FF 84 00 01 A8 BF 6F 03
2016-10-15 11:48:20.883000,com5(1),CNCB0(0),FF 02 D3 0D 00 04 00 47 F0 F0 0C A6 01 50 00 01 B0 3F 21 03
2016-10-15 11:48:36.546000,com5(1),CNCB0(0),FF 02 D3 0D 00 04 00 1E ED 47 0C A6 11 3D 00 01 B8 57 1E 03
2016-10-15 11:48:53.752000,com5(1),CNCB0(0),FF 02 D3 0D 00 04 00 00 B4 13 0C A6 22 13 00 01 C0 D1 87 03
2016-10-15 11:48:56.748000,com5(1),CNCB0(0),FF 02 D3 0D 00 04 00 7B 26 C3 0C A6 25 2C 00 01 C8 C3 74 03
2016-10-15 11:50:15.325000,com5(1),CNCB0(0),FF 02 D3 0D 00 04 00 02 83 5D 0C A6 73 EB 00 01 D0 AF 67 03
2016-10-15 11:52:44.882000,com5(1),CNCB0(0),FF 02 D3 0D 00 04 00 07 B5 C3 0C A7 09 8C 00 01 E8 30 59 03
2016-10-15 11:53:26.347000,com5(1),CNCB0(0),FF 02 D3 0D 00 04 00 04 41 3D 0C A7 32 F2 00 01 F0 CB 11 03
2016-10-15 11:54:31.836000,com5(1),CNCB0(0),FF 02 D3 0D 00 04 00 00 B1 4C 0C A7 74 71 00 01 F8 5C A2 03
2016-10-15 11:54:35.377000,com5(1),CNCB0(0),FF 02 D3 0D 00 04 00 1F BA 6A 0C A7 78 13 00 02 00 01 79 03
2016-10-15 11:54:39.137000,com5(1),CNCB0(0),FF 02 D3 0D 00 04 00 07 AA 5A 0C A7 7B 8B 00 02 08 58 FF 03
2016-10-15 11:54:53.567000,com5(1),CNCB0(0),FF 02 D3 0D 00 04 00 6D F2 9B 0C A7 8A 41 00 02 10 3C 44 03
2016-10-15 11:55:02.709000,com5(1),CNCB0(0),FF 02 D3 0D 00 04 00 1F 9E DB 0C A7 93 26 00 02 18 FC 17 03
2016-10-15 11:55:05.361000,com5(1),CNCB0(0),FF 02 D3 0D 00 04 00 02 59 CB 0C A7 95 B2 00 02 20 9E 5D 03
2016-10-15 11:55:07.311000,com5(1),CNCB0(0),FF 02 D3 0D 00 04 00 13 28 BC 0C A7 98 04 00 02 28 FA C2 03
2016-10-15 11:55:14.908000,com5(1),CNCB0(0),FF 02 D3 0D 00 04 00 02 59 D4 0C A7 9F 80 00 02 30 1B 45 03
2016-10-15 11:55:18.012000,com5(1),CNCB0(0),FF 02 D3 0D 00 04 00 8B 47 7F 0C A7 A2 B5 00 02 38 70 53 03
2016-10-15 11:56:04.859000,com5(1),CNCB0(0),FF 02 D3 0D 00 04 00 1F 4A 60 0C A7 D1 4F 00 02 40 F9 58 03
2016-10-15 11:56:12.893000,com5(1),CNCB0(0),FF 02 D3 0D 00 04 00 00 B1 F1 0C A7 D9 3B 00 02 48 BB C3 03
2016-10-15 11:56:20.256000,com5(1),CNCB0(0),FF 02 D3 0D 00 04 00 0A 39 AA 0C A7 E0 EF 00 02 50 3B A9 03
2016-10-15 11:56:33.579000,com5(1),CNCB0(0),FF 02 D3 0D 00 04 00 00 B1 21 0C A7 ED EA 00 02 58 E8 9D 03
2016-10-15 11:57:10.286000,com5(1),CNCB0(0),FF 02 D3 0D 00 04 00 00 03 E3 0C A8 12 55 00 02 60 BA A4 03
2016-10-15 11:57:21.689000,com5(1),CNCB0(0),FF 02 D3 0D 00 04 00 00 B0 F0 0C A8 1E 48 00 02 68 62 A0 03
2016-10-15 11:58:47.349000,com5(1),CNCB0(0),FF 02 D3 0D 00 04 00 1E D2 4B 0C A8 74 0F 00 02 70 26 75 03
2016-10-15 11:58:49.424000,com5(1),CNCB0(0),FF 02 D3 0D 00 04 00 1E D2 4C 0C A8 75 DB 00 02 78 33 15 03
2016-10-15 11:59:08.347000,com5(1),CNCB0(0),FF 02 D3 0D 00 04 00 03 9B AB 0C A8 88 F3 00 02 80 DF 23 03
2016-10-15 11:59:13.916000,com5(1),CNCB0(0),FF 02 D3 0D 00 04 00 02 80 39 0C A8 8E 85 00 02 88 84 87 03
2016-10-15 11:59:17.176000,com5(1),CNCB0(0),FF 02 D3 0D 00 04 00 00 B1 B8 0C A8 91 C7 00 02 90 00 D6 03
2016-10-15 11:59:37.191000,com5(1),CNCB0(0),FF 02 D3 0D 00 04 00 02 59 C3 0C A8 A5 CA 00 02 98 6A 1C 03
2016-10-15 11:59:53.181000,com5(1),CNCB0(0),FF 02 D3 0D 00 04 00 1F 88 22 0C A8 B5 E4 00 02 A0 27 79 03
2016-10-15 12:00:25.770000,com5(1),CNCB0(0),FF 02 D3 0D 00 04 00 1F DD 3C 0D 00 16 7C 00 02 A8 9E 69 03
2016-10-15 12:01:12.694000,com5(1),CNCB0(0),FF 02 D3 0D 00 04 00 07 B5 A8 0D 00 45 5E 00 02 B0 B1 FD 03
2016-10-15 12:01:27.795000,com5(1),CNCB0(0),FF 02 D3 0D 00 04 00 1E DB 3E 0D 00 54 7F 00 02 B8 C2 1F 03
2016-10-15 12:02:15.235000,com5(1),CNCB0(0),FF 02 D3 0D 00 04 00 0D 8E 26 0D 00 83 A8 00 02 C0 BC D7 03
2016-10-15 12:03:08.072000,com5(1),CNCB0(0),FF 02 D3 0D 00 04 00 0D 8E 16 0D 00 B8 BF 00 02 C8 5A F2 03
2016-10-15 12:03:23.017000,com5(1),CNCB0(0),FF 02 D3 0D 00 04 00 1E A8 19 0D 00 C7 74 00 02 D0 42 F2 03
2016-10-15 12:04:58.692000,com5(1),CNCB0(0),FF 02 D3 0D 00 04 00 1E A8 1A 0D 01 27 68 00 02 D8 C8 24 03
2016-10-15 12:05:52.840000,com5(1),CNCB0(0),FF 02 D3 0D 00 04 00 1E ED 7B 0D 01 5D 4A 00 02 E0 0C 0D 03
2016-10-15 12:06:01.155000,com5(1),CNCB0(0),FF 02 D3 0D 00 04 00 1F 50 F4 0D 01 65 97 00 02 E8 38 87 03
2016-10-15 12:06:30.341000,com5(1),CNCB0(0),FF 02 D3 0D 00 04 00 1F 18 22 0D 01 83 0B 00 02 F0 89 D1 03
2016-10-15 12:07:50.312000,com5(1),CNCB0(0),FF 02 D3 0D 00 04 00 1E BF 0C 0D 01 D3 04 00 02 F8 98 6B 03
2016-10-15 12:07:55.574000,com5(1),CNCB0(0),FF 02 D3 0D 00 04 00 15 4E 2A 0D 01 D8 47 00 03 00 76 96 03
2016-10-15 12:08:07.475000,com5(1),CNCB0(0),FF 02 D3 0D 00 04 00 02 7F 92 0D 01 E3 D0 00 03 08 FF BC 03
2016-10-15 12:08:10.017000,com5(1),CNCB0(0),FF 02 D3 0D 00 04 00 07 A3 5A 0D 01 E6 B1 00 03 10 3D AD 03
2016-10-15 12:08:23.689000,com5(1),CNCB0(0),FF 02 D3 0D 00 04 00 00 B4 35 0D 01 F4 06 00 03 18 DE A0 03
2016-10-15 12:08:26.509000,com5(1),CNCB0(0),FF 02 D3 0D 00 04 00 1E A8 0B 0D 01 F6 AA 00 03 20 FB 3D 03
2016-10-15 12:08:30.077000,com5(1),CNCB0(0),FF 02 D3 0D 00 04 00 1F 7A 94 0D 01 FA 84 00 03 28 B3 37 03
2016-10-15 12:08:35.537000,com5(1),CNCB0(0),FF 02 D3 0D 00 04 00 1E A8 11 0D 01 FF FA 00 03 30 C0 DE 03
2016-10-15 12:08:51.072000,com5(1),CNCB0(0),FF 02 D3 0D 00 04 00 1F 50 F8 0D 02 0F C9 00 03 38 68 40 03
2016-10-15 12:09:37.872000,com5(1),CNCB0(0),FF 02 D3 0D 00 04 00 6D E2 76 0D 02 3E 50 00 03 40 D4 0D 03
2016-10-15 12:09:43.629000,com5(1),CNCB0(0),FF 02 D3 0D 00 04 00 16 E6 22 0D 02 44 16 00 03 48 8B 9F 03
2016-10-15 12:10:04.361000,com5(1),CNCB0(0),FF 02 D3 0D 00 04 00 02 59 86 0D 02 58 F9 00 03 50 8C AE 03
2016-10-15 12:10:09.993000,com5(1),CNCB0(0),FF 02 D3 0D 00 04 00 1F 5F EF 0D 02 5E B4 00 03 58 BC 2E 03
2016-10-15 12:10:16.545000,com5(1),CNCB0(0),FF 02 D3 0D 00 04 00 1F 18 21 0D 02 65 41 00 03 60 E7 C9 03
2016-10-15 12:10:19.462000,com5(1),CNCB0(0),FF 02 D3 0D 00 04 00 00 B0 C1 0D 02 67 CF 00 03 68 66 FE 03
2016-10-15 12:10:50.740000,com5(1),CNCB0(0),FF 02 D3 0D 00 04 00 1F 50 EE 0D 02 86 E5 00 03 78 09 6F 03
2016-10-15 12:11:51.424000,com5(1),CNCB0(0),FF 02 D3 0D 00 04 00 1E ED 6E 0D 02 C3 DE 00 03 80 6B FA 03
2016-10-15 12:11:59.817000,com5(1),CNCB0(0),FF 02 D3 0D 00 04 00 1F ED B0 0D 02 CC 89 00 03 88 7E 56 03
2016-10-15 12:12:06.307000,com5(1),CNCB0(0),FF 02 D3 0D 00 04 00 07 B5 BD 0D 02 D2 FC 00 03 90 A1 C9 03
2016-10-15 12:12:19.348000,com5(1),CNCB0(0),FF 02 D3 0D 00 04 00 00 11 79 0D 02 DF B2 00 03 98 50 96 03
2016-10-15 12:12:29.067000,com5(1),CNCB0(0),FF 02 D3 0D 00 04 00 1F 88 38 0D 02 E9 86 00 03 A0 43 5C 03
2016-10-15 12:12:30.908000,com5(1),CNCB0(0),FF 02 D3 0D 00 04 00 07 B5 B6 0D 02 EB 53 00 03 A8 6E 3C 03
2016-10-15 12:12:32.499000,com5(1),CNCB0(0),FF 02 D3 0D 00 04 00 15 4E 29 0D 02 EC A8 00 03 B0 58 68 03
2016-10-15 12:12:36.961000,com5(1),CNCB0(0),FF 02 D3 0D 00 04 00 04 A8 9E 0D 02 F1 90 00 03 B8 C9 6D 03
2016-10-15 12:12:40.018000,com5(1),CNCB0(0),FF 02 D3 0D 00 04 00 75 82 1B 0D 02 F4 B8 00 03 C0 6E 88 03
2016-10-15 12:12:45.104000,com5(1),CNCB0(0),FF 02 D3 0D 00 04 00 1F 17 F9 0D 02 F9 8C 00 03 C8 D5 B5 03
2016-10-15 12:12:47.896000,com5(1),CNCB0(0),FF 02 D3 0D 00 04 00 07 B5 90 0D 02 FC 51 00 03 D0 9E 71 03
2016-10-15 12:12:51.625000,com5(1),CNCB0(0),FF 02 D3 0D 00 04 00 1F 75 51 0D 02 FF C8 00 03 D8 BB 3E 03
2016-10-15 12:12:56.523000,com5(1),CNCB0(0),FF 02 D3 0D 00 04 00 1F 4A 63 0D 03 05 3D 00 03 E0 06 42 03
2016-10-15 12:13:45.133000,com5(1),CNCB0(0),FF 02 D3 0D 00 04 00 15 A3 53 0D 03 35 D9 00 03 E8 DD 09 03
2016-10-15 12:13:47.613000,com5(1),CNCB0(0),FF 02 D3 0D 00 04 00 04 80 FD 0D 03 37 F5 00 03 F0 1B 3F 03
2016-10-15 12:14:18.517000,com5(1),CNCB0(0),FF 02 D3 0D 00 04 00 03 1E 4B 0D 03 57 21 00 03 F8 50 0C 03
2016-10-15 12:14:40.326000,com5(1),CNCB0(0),FF 02 D3 0D 00 04 00 1F 4A 76 0D 03 6C 7F 00 04 00 43 39 03
2016-10-15 12:14:50.809000,com5(1),CNCB0(0),FF 02 D3 0D 00 04 00 1F C6 48 0D 03 77 41 00 04 08 6A DF 03
2016-10-15 12:15:00.543000,com5(1),CNCB0(0),FF 02 D3 0D 00 04 00 04 BF 3E 0D 03 80 E3 00 04 10 69 9B 03
2016-10-15 12:15:28.265000,com5(1),CNCB0(0),FF 02 D3 0D 00 04 00 03 F8 06 0D 03 9C DE 00 04 18 8B 93 03
2016-10-15 12:15:49.684000,com5(1),CNCB0(0),FF 02 D3 0D 00 04 00 1F C6 3D 0D 03 B2 67 00 04 20 76 55 03
2016-10-15 12:16:14.316000,com5(1),CNCB0(0),FF 02 D3 0D 00 04 00 1E DA F8 0D 03 CB 07 00 04 28 82 BC 03
2016-10-15 12:16:16.765000,com5(1),CNCB0(0),FF 02 D3 0D 00 04 00 15 A3 4F 0D 03 CD 3A 00 04 30 75 4F 03
2016-10-15 12:16:19.807000,com5(1),CNCB0(0),FF 02 D3 0D 00 04 00 1F 18 36 0D 03 D0 85 00 04 38 22 B5 03
2016-10-15 12:16:28.996000,com5(1),CNCB0(0),FF 02 D3 0D 00 04 00 04 2E BF 0D 03 D9 56 00 04 48 56 47 03
2016-10-15 12:16:30.524000,com5(1),CNCB0(0),FF 02 D3 0D 00 04 00 1F 8B 4D 0D 03 DB 3C 00 04 50 90 2D 03
2016-10-15 12:16:35.953000,com5(1),CNCB0(0),FF 02 D3 0D 00 04 00 1F 9E DC 0D 03 E0 6A 00 04 58 88 74 03
2016-10-15 12:16:37.092000,com5(1),CNCB0(0),FF 02 D3 0D 00 04 00 1F 17 FC 0D 03 E1 CE 00 04 60 1D A2 03
2016-10-15 12:16:45.017000,com5(1),CNCB0(0),FF 02 D3 0D 00 04 00 15 4E 07 0D 03 E9 BA 00 04 68 E9 8A 03
2016-10-15 12:18:08.929000,com5(1),CNCB0(0),FF 02 D3 0D 00 04 00 03 9B 97 0D 04 3D 8C 00 04 70 5B EE 03
2016-10-15 12:18:18.258000,com5(1),CNCB0(0),FF 02 D3 0D 00 04 00 1F 9E CB 0D 04 46 B8 00 04 78 49 34 03
2016-10-15 12:18:39.599000,com5(1),CNCB0(0),FF 02 D3 0D 00 04 00 02 83 4A 0D 04 5B F1 00 04 80 83 3D 03
2016-10-15 12:18:54.169000,com5(1),CNCB0(0),FF 02 D3 0D 00 04 00 15 4D EA 0D 04 6A E3 00 04 88 E3 F0 03
2016-10-15 12:19:03.841000,com5(1),CNCB0(0),FF 02 D3 0D 00 04 00 00 B0 D3 0D 04 74 33 00 04 90 7C E9 03
2016-10-15 12:19:05.791000,com5(1),CNCB0(0),FF 02 D3 0D 00 04 00 6A D1 50 0D 04 76 3C 00 04 98 2D 82 03
2016-10-15 12:20:10.516000,com5(1),CNCB0(0),FF 02 D3 0D 00 04 00 03 9B AD 0D 04 B7 1F 00 04 A0 B1 0D 03
2016-10-15 12:20:18.269000,com5(1),CNCB0(0),FF 02 D3 0D 00 04 00 1F 88 16 0D 04 BE B9 00 04 A8 C9 A9 03
2016-10-15 12:20:48.252000,com5(1),CNCB0(0),FF 02 D3 0D 00 04 00 1E BF 2E 0D 04 DC FA 00 04 B0 B1 DC 03
2016-10-15 12:21:31.848000,com5(1),CNCB0(0),FF 02 D3 0D 00 04 00 00 B0 E7 0D 05 08 77 00 04 B8 D6 96 03
2016-10-15 12:21:39.009000,com5(1),CNCB0(0),FF 02 D3 0D 00 04 00 7D 1F 92 0D 05 0F B5 00 04 C0 52 D6 03
2016-10-15 12:22:41.268000,com5(1),CNCB0(0),FF 02 D3 0D 00 04 00 7D 76 14 0D 05 4D F9 00 04 C8 68 3A 03
2016-10-15 12:22:46.822000,com5(1),CNCB0(0),FF 02 D3 0D 00 04 00 0F 4F 34 0D 05 53 8A 00 04 D0 62 9A 03
2016-10-15 12:23:34.340000,com5(1),CNCB0(0),FF 02 D3 0D 00 04 00 1F 4A 77 0D 05 83 10 00 04 D8 50 58 03
2016-10-15 12:24:03.512000,com5(1),CNCB0(0),FF 02 D3 0D 00 04 00 1E DB 22 0D 05 A0 3C 00 04 E0 93 44 03
2016-10-15 12:24:20.952000,com5(1),CNCB0(0),FF 02 D3 0D 00 04 00 03 F7 C4 0D 05 B1 94 00 04 E8 A5 06 03
2016-10-15 12:24:57.066000,com5(1),CNCB0(0),FF 02 D3 0D 00 04 00 00 11 7D 0D 05 D5 6C 00 04 F0 3B 37 03
2016-10-15 12:25:06.754000,com5(1),CNCB0(0),FF 02 D3 0D 00 04 00 75 1F 41 0D 05 DF 75 00 04 F8 C8 C2 03
2016-10-15 12:26:42.897000,com5(1),CNCB0(0),FF 02 D3 0D 00 04 00 46 72 48 0D 06 3F 9F 00 05 00 C5 20 03
2016-10-15 12:26:44.582000,com5(1),CNCB0(0),FF 02 D3 0D 00 04 00 1F 18 35 0D 06 41 4D 00 05 08 4B 81 03
2016-10-15 12:26:47.125000,com5(1),CNCB0(0),FF 02 D3 0D 00 04 00 1F C6 36 0D 06 43 95 00 05 10 94 BB 03
2016-10-15 12:27:13.067000,com5(1),CNCB0(0),FF 02 D3 0D 00 04 00 83 C9 66 0D 06 5D C7 00 05 18 D9 7D 03
2016-10-15 12:27:15.470000,com5(1),CNCB0(0),FF 02 D3 0D 00 04 00 1C 18 2A 0D 06 60 31 00 05 20 65 EE 03
2016-10-15 12:28:44.296000,com5(1),CNCB0(0),FF 02 D3 0D 00 04 00 1E A8 21 0D 06 B9 03 00 05 28 9E C8 03
2016-10-15 12:28:46.402000,com5(1),CNCB0(0),FF 02 D3 0D 00 04 00 03 1E 6C 0D 06 BB 03 00 05 30 CE 76 03
2016-10-15 12:28:50.770000,com5(1),CNCB0(0),FF 02 D3 0D 00 04 00 92 32 9C 0D 06 BF 7C 00 05 38 FF F4 03
2016-10-15 12:28:51.597000,com5(1),CNCB0(0),FF 02 D3 0D 00 04 00 1F C6 44 0D 06 C0 54 00 05 40 82 B3 03
2016-10-15 12:29:03.516000,com5(1),CNCB0(0),FF 02 D3 0D 00 04 00 78 87 6B 0D 06 CC 3C 00 05 48 86 D8 03
2016-10-15 12:29:32.189000,com5(1),CNCB0(0),FF 02 D3 0D 00 04 00 1F 17 D0 0D 06 E8 A7 00 05 50 B1 C8 03
2016-10-15 12:29:33.967000,com5(1),CNCB0(0),FF 02 D3 0D 00 04 00 89 7C 98 0D 06 EA 6A 00 05 58 20 88 03
2016-10-15 12:29:35.667000,com5(1),CNCB0(0),FF 02 D3 0D 00 04 00 04 BF 3D 0D 06 EC 4B 00 05 60 E3 04 03
2016-10-15 12:29:40.431000,com5(1),CNCB0(0),FF 02 D3 0D 00 04 00 03 9B BC 0D 06 F0 C8 00 05 68 0B D9 03
2016-10-15 12:30:04.487000,com5(1),CNCB0(0),FF 02 D3 0D 00 04 00 1F 18 24 0D 07 08 F1 00 05 70 1E C4 03
2016-10-15 12:30:32.083000,com5(1),CNCB0(0),FF 02 D3 0D 00 04 00 1E A5 C3 0D 07 24 8B 00 05 78 DC 27 03
2016-10-15 12:31:23.688000,com5(1),CNCB0(0),FF 02 D3 0D 00 04 00 1E D1 D6 0D 07 58 6B 00 05 80 4C C9 03
2016-10-15 12:31:26.527000,com5(1),CNCB0(0),FF 02 D3 0D 00 04 00 15 4D EC 0D 07 5B 40 00 05 88 39 A8 03
2016-10-15 12:32:11.752000,com5(1),CNCB0(0),FF 02 D3 0D 00 04 00 00 B1 89 0D 07 88 1D 00 05 98 89 B2 03
2016-10-15 12:32:23.561000,com5(1),CNCB0(0),FF 02 D3 0D 00 04 00 6D F2 98 0D 07 94 46 00 05 A0 5C 0C 03
2016-10-15 12:32:28.381000,com5(1),CNCB0(0),FF 02 D3 0D 00 04 00 1F BA 6F 0D 07 99 1A 00 05 A8 F3 A2 03
2016-10-15 12:32:39.535000,com5(1),CNCB0(0),FF 02 D3 0D 00 04 00 1F 50 F6 0D 07 A3 FF 00 05 B0 9C A4 03
2016-10-15 12:32:41.828000,com5(1),CNCB0(0),FF 02 D3 0D 00 04 00 02 59 81 0D 07 A6 73 00 05 B8 F0 F1 03
2016-10-15 12:32:55.494000,com5(1),CNCB0(0),FF 02 D3 0D 00 04 00 03 9B 7A 0D 07 B3 92 00 05 C0 51 17 03
2016-10-15 12:33:13.653000,com5(1),CNCB0(0),FF 02 D3 0D 00 04 00 03 9B DA 0D 07 C6 48 00 05 C8 79 CB 03
2016-10-15 12:33:16.507000,com5(1),CNCB0(0),FF 02 D3 0D 00 04 00 1F DB 46 0D 07 C9 3D 00 05 D0 F3 94 03
2016-10-15 12:33:23.574000,com5(1),CNCB0(0),FF 02 D3 0D 00 04 00 00 B0 6E 0D 07 CF EE 00 05 D8 50 26 03
2016-10-15 12:34:00.343000,com5(1),CNCB0(0),FF 02 D3 0D 00 04 00 47 F0 A6 0D 07 F4 CF 00 05 E0 78 86 03
2016-10-15 12:34:18.174000,com5(1),CNCB0(0),FF 02 D3 0D 00 04 00 75 A8 61 0D 08 06 A2 00 05 E8 71 1C 03
2016-10-15 12:34:27.191000,com5(1),CNCB0(0),FF 02 D3 0D 00 04 00 02 B7 D7 0D 08 0F D2 00 05 F0 B7 DE 03
2016-10-15 12:34:53.618000,com5(1),CNCB0(0),FF 02 D3 0D 00 04 00 1F 94 47 0D 08 2A 5A 00 05 F8 12 57 03
2016-10-15 12:34:57.923000,com5(1),CNCB0(0),FF 02 D3 0D 00 04 00 03 1E 6A 0D 08 2E 8D 00 06 00 F4 2E 03
2016-10-15 12:35:57.047000,com5(1),CNCB0(0),FF 02 D3 0D 00 04 00 04 A8 B0 0D 08 69 AD 00 06 08 35 BE 03
2016-10-15 12:36:05.612000,com5(1),CNCB0(0),FF 02 D3 0D 00 04 00 0F 5C 3E 0D 08 72 5A 00 06 10 80 4D 03
2016-10-15 12:36:15.081000,com5(1),CNCB0(0),FF 02 D3 0D 00 04 00 7B 52 27 0D 08 7B CC 00 06 18 E4 47 03
2016-10-15 12:36:21.134000,com5(1),CNCB0(0),FF 02 D3 0D 00 04 00 1E D1 C8 0D 08 81 9A 00 06 20 89 78 03
2016-10-15 12:36:28.684000,com5(1),CNCB0(0),FF 02 D3 0D 00 04 00 47 F0 FF 0D 08 89 28 00 06 28 C7 4C 03
2016-10-15 12:36:36.780000,com5(1),CNCB0(0),FF 02 D3 0D 00 04 00 07 AA 60 0D 08 90 ED 00 06 30 8B 3A 03
2016-10-15 12:36:41.429000,com5(1),CNCB0(0),FF 02 D3 0D 00 04 00 04 BF 54 0D 08 96 0E 00 06 38 1B 1D 03
2016-10-15 12:36:45.844000,com5(1),CNCB0(0),FF 02 D3 0D 00 04 00 6D F9 2C 0D 08 9A 8F 00 06 40 E6 63 03
2016-10-15 12:37:28.307000,com5(1),CNCB0(0),FF 02 D3 0D 00 04 00 04 2E 87 0D 08 C4 EE 00 06 48 C3 E5 03
2016-10-15 12:38:09.351000,com5(1),CNCB0(0),FF 02 D3 0D 00 04 00 04 41 34 0D 08 ED F9 00 06 58 2F 80 03
2016-10-15 12:38:10.505000,com5(1),CNCB0(0),FF 02 D3 0D 00 04 00 1F 59 08 0D 08 EF 3C 00 06 60 D0 F2 03
2016-10-15 12:38:30.551000,com5(1),CNCB0(0),FF 02 D3 0D 00 04 00 00 12 6F 0D 09 03 2C 00 06 68 BF 15 03
2016-10-15 12:39:13.966000,com5(1),CNCB0(0),FF 02 D3 0D 00 04 00 1F C6 31 0D 09 2E B5 00 06 78 9F FB 03
2016-10-15 12:39:16.946000,com5(1),CNCB0(0),FF 02 D3 0D 00 04 00 83 C9 5F 0D 09 31 AC 00 06 80 0E 41 03
2016-10-15 12:39:18.444000,com5(1),CNCB0(0),FF 02 D3 0D 00 04 00 0D 8E 10 0D 09 32 E2 00 06 88 13 A9 03
2016-10-15 12:40:03.777000,com5(1),CNCB0(0),FF 02 D3 0D 00 04 00 1F 17 FB 0D 09 60 40 00 06 90 F7 0A 03
2016-10-15 12:40:06.320000,com5(1),CNCB0(0),FF 02 D3 0D 00 04 00 1F 18 06 0D 09 63 0E 00 06 98 44 23 03
2016-10-15 12:40:09.705000,com5(1),CNCB0(0),FF 02 D3 0D 00 04 00 1E DB 39 0D 09 65 E1 00 06 A0 01 5D 03
2016-10-15 12:40:29.205000,com5(1),CNCB0(0),FF 02 D3 0D 00 04 00 00 11 8E 0D 09 79 92 00 06 A8 61 00 03
2016-10-15 12:41:18.174000,com5(1),CNCB0(0),FF 02 D3 0D 00 04 00 76 DB 90 0D 09 AA E5 00 06 B0 99 BA 03
2016-10-15 12:41:58.625000,com5(1),CNCB0(0),FF 02 D3 0D 00 04 00 00 15 F7 0D 09 D3 41 00 06 B8 C9 C7 03
2016-10-15 12:42:16.892000,com5(1),CNCB0(0),FF 02 D3 0D 00 04 00 00 11 6B 0D 09 E5 85 00 06 C0 53 46 03
2016-10-15 12:42:21.447000,com5(1),CNCB0(0),FF 02 D3 0D 00 04 00 13 D6 77 0D 09 E9 EB 00 06 C8 2F C7 03
2016-10-15 12:42:28.857000,com5(1),CNCB0(0),FF 02 D3 0D 00 04 00 1F 01 C4 0D 09 F1 51 00 06 D0 3E E5 03
2016-10-15 12:42:42.617000,com5(1),CNCB0(0),FF 02 D3 0D 00 04 00 8A E5 E2 0D 09 FF 56 00 06 D8 C1 7F 03
2016-10-15 12:42:56.688000,com5(1),CNCB0(0),FF 02 D3 0D 00 04 00 00 B1 AF 0D 0A 0D 52 00 06 E0 96 70 03
2016-10-15 12:43:35.267000,com5(1),CNCB0(0),FF 02 D3 0D 00 04 00 15 4D FC 0D 0A 33 BD 00 06 E8 E6 CF 03
2016-10-15 12:43:48.043000,com5(1),CNCB0(0),FF 02 D3 0D 00 04 00 89 57 04 0D 0A 40 C5 00 06 F0 AF E8 03
2016-10-15 12:44:21.193000,com5(1),CNCB0(0),FF 02 D3 0D 00 04 00 83 C9 69 0D 0A 61 E9 00 06 F8 06 F5 03
2016-10-15 12:44:22.550000,com5(1),CNCB0(0),FF 02 D3 0D 00 04 00 1F 18 38 0D 0A 63 48 00 07 00 64 36 03
2016-10-15 12:44:32.940000,com5(1),CNCB0(0),FF 02 D3 0D 00 04 00 07 B5 BF 0D 0A 6D A7 00 07 08 B0 D8 03
2016-10-15 12:44:39.882000,com5(1),CNCB0(0),FF 02 D3 0D 00 04 00 1F 01 B8 0D 0A 74 9F 00 07 10 CE 4F 03
2016-10-15 12:44:41.661000,com5(1),CNCB0(0),FF 02 D3 0D 00 04 00 1F 17 FE 0D 0A 76 23 00 07 18 C5 6D 03
2016-10-15 12:45:46.900000,com5(1),CNCB0(0),FF 02 D3 0D 00 04 00 00 11 78 0D 0A B7 45 00 07 20 C6 E0 03
2016-10-15 12:45:58.678000,com5(1),CNCB0(0),FF 02 D3 0D 00 04 00 1F 01 C1 0D 0A C3 6A 00 07 28 A8 6E 03
2016-10-15 12:46:27.990000,com5(1),CNCB0(0),FF 02 D3 0D 00 04 00 1F 94 45 0D 0A E0 BB 00 07 30 DD 3E 03
2016-10-15 12:47:04.323000,com5(1),CNCB0(0),FF 02 D3 0D 00 04 00 1E A8 15 0D 0B 05 10 00 07 38 0A 95 03
2016-10-15 12:47:34.384000,com5(1),CNCB0(0),FF 02 D3 0D 00 04 00 1E DA EB 0D 0B 22 DD 00 07 40 41 A3 03
2016-10-15 12:47:47.519000,com5(1),CNCB0(0),FF 02 D3 0D 00 04 00 1F 50 EF 0D 0B 30 40 00 07 48 0B 2E 03
2016-10-15 12:47:55.694000,com5(1),CNCB0(0),FF 02 D3 0D 00 04 00 79 ED 49 0D 0B 38 69 00 07 50 8F 88 03
2016-10-15 12:47:59.063000,com5(1),CNCB0(0),FF 02 D3 0D 00 04 00 7A 0D B3 0D 0B 3B 83 00 07 58 4B E4 03
2016-10-15 12:48:44.849000,com5(1),CNCB0(0),FF 02 D3 0D 00 04 00 1F 01 BA 0D 0B 69 0A 00 07 60 93 16 03
2016-10-15 12:48:47.111000,com5(1),CNCB0(0),FF 02 D3 0D 00 04 00 1E A8 17 0D 0B 6B D8 00 07 68 0F 07 03
2016-10-15 12:48:49.935000,com5(1),CNCB0(0),FF 02 D3 0D 00 04 00 15 4D F2 0D 0B 6E 68 00 07 70 DA 4D 03
2016-10-15 12:49:02.119000,com5(1),CNCB0(0),FF 02 D3 0D 00 04 00 1F 01 BD 0D 0B 7A 97 00 07 78 FB C4 03
2016-10-15 12:49:06.674000,com5(1),CNCB0(0),FF 02 D3 0D 00 04 00 03 9B 79 0D 0B 7F 51 00 07 80 6F 16 03
2016-10-15 12:49:43.162000,com5(1),CNCB0(0),FF 02 D3 0D 00 04 00 02 59 84 0D 0B A3 86 00 07 88 0F 0A 03
2016-10-15 12:49:49.652000,com5(1),CNCB0(0),FF 02 D3 0D 00 04 00 03 1E 33 0D 0B AA 48 00 07 90 E7 4B 03
2016-10-15 12:50:14.659000,com5(1),CNCB0(0),FF 02 D3 0D 00 04 00 1F 01 C0 0D 0B C3 64 00 07 98 99 DD 03
2016-10-15 12:50:21.164000,com5(1),CNCB0(0),FF 02 D3 0D 00 04 00 98 96 1E 0D 0B C9 9E 00 07 A0 A6 1B 03
2016-10-15 12:50:24.268000,com5(1),CNCB0(0),FF 02 D3 0D 00 04 00 1F 01 C6 0D 0B CD 00 00 07 A8 70 6D 03
2016-10-15 12:50:28.839000,com5(1),CNCB0(0),FF 02 D3 0D 00 04 00 1F 88 20 0D 0B D1 93 00 07 B0 A8 71 03
2016-10-15 12:50:32.583000,com5(1),CNCB0(0),FF 02 D3 0D 00 04 00 1F 88 36 0D 0B D5 10 00 07 B8 6D 2E 03
2016-10-15 12:50:34.362000,com5(1),CNCB0(0),FF 02 D3 0D 00 04 00 1F 88 26 0D 0B D7 1B 00 07 C0 AC B1 03
2016-10-15 12:51:10.600000,com5(1),CNCB0(0),FF 02 D3 0D 00 04 00 15 A3 51 0D 0B FB 58 00 07 C8 2E C7 03
2016-10-15 12:51:14.204000,com5(1),CNCB0(0),FF 02 D3 0D 00 04 00 1F 18 00 0D 0B FE 64 00 07 D0 A9 87 03
2016-10-15 12:51:22.612000,com5(1),CNCB0(0),FF 02 D3 0D 00 04 00 04 A8 9B 0D 0C 06 FC 00 07 D8 85 AE 03
2016-10-15 12:51:25.873000,com5(1),CNCB0(0),FF 02 D3 0D 00 04 00 00 03 8B 0D 0C 09 F5 00 07 E0 CA 5C 03
2016-10-15 12:51:29.929000,com5(1),CNCB0(0),FF 02 D3 0D 00 04 00 00 11 96 0D 0C 0E 92 00 07 E8 15 09 03
2016-10-15 12:51:37.261000,com5(1),CNCB0(0),FF 02 D3 0D 00 04 00 15 A3 4A 0D 0C 16 01 00 07 F0 6D C5 03
2016-10-15 12:51:42.159000,com5(1),CNCB0(0),FF 02 D3 0D 00 04 00 1F 4A 83 0D 0C 1A E5 00 07 F8 70 14 03
2016-10-15 12:52:04.966000,com5(1),CNCB0(0),FF 02 D3 0D 00 04 00 00 B1 E9 0D 0C 31 99 00 08 08 82 B1 03
2016-10-15 12:52:11.893000,com5(1),CNCB0(0),FF 02 D3 0D 00 04 00 1F 9E BA 0D 0C 38 5F 00 08 18 C9 37 03
2016-10-15 12:52:15.247000,com5(1),CNCB0(0),FF 02 D3 0D 00 04 00 03 1D 6A 0D 0C 3B E3 00 08 20 66 BD 03
2016-10-15 12:52:16.713000,com5(1),CNCB0(0),FF 02 D3 0D 00 04 00 15 4E 04 0D 0C 3D 73 00 08 28 37 A9 03
2016-10-15 12:52:19.927000,com5(1),CNCB0(0),FF 02 D3 0D 00 04 00 03 9B B7 0D 0C 40 90 00 08 30 9F A1 03
2016-10-15 12:52:29.225000,com5(1),CNCB0(0),FF 02 D3 0D 00 04 00 15 A3 55 0D 0C 49 F8 00 08 38 3B 7B 03
2016-10-15 12:52:34.232000,com5(1),CNCB0(0),FF 02 D3 0D 00 04 00 1F 01 BF 0D 0C 4E F7 00 08 40 D7 27 03
2016-10-15 12:52:51.065000,com5(1),CNCB0(0),FF 02 D3 0D 00 04 00 1F 59 06 0D 0C 5F CE 00 08 48 BB 0B 03
2016-10-15 12:53:17.241000,com5(1),CNCB0(0),FF 02 D3 0D 00 04 00 89 7E 0D 0D 0C 79 F6 00 08 50 E0 40 03
2016-10-15 12:53:18.396000,com5(1),CNCB0(0),FF 02 D3 0D 00 04 00 8B 32 5F 0D 0C 7A D9 00 08 58 4C 5C 03
2016-10-15 12:53:52.950000,com5(1),CNCB0(0),FF 02 D3 0D 00 04 00 1F 9E 8E 0D 0C 9D 6C 00 08 60 41 BB 03
2016-10-15 12:53:55.227000,com5(1),CNCB0(0),FF 02 D3 0D 00 04 00 15 4E 03 0D 0C 9F B4 00 08 68 D7 85 03
2016-10-15 12:54:12.840000,com5(1),CNCB0(0),FF 02 D3 0D 00 04 00 1F 01 C5 0D 0C B1 53 00 08 70 9E 7F 03
2016-10-15 12:54:18.752000,com5(1),CNCB0(0),FF 02 D3 0D 00 04 00 1F 88 3A 0D 0C B7 7F 00 08 78 8F F9 03
2016-10-15 12:54:59.047000,com5(1),CNCB0(0),FF 02 D3 0D 00 04 00 00 B4 38 0D 0C DF AE 00 08 80 DD 3D 03
2016-10-15 12:55:46.970000,com5(1),CNCB0(0),FF 02 D3 0D 00 04 00 00 03 7E 0D 0D 0F 58 00 08 88 28 32 03
2016-10-15 12:55:49.357000,com5(1),CNCB0(0),FF 02 D3 0D 00 04 00 1F 18 34 0D 0D 12 1B 00 08 90 A9 D7 03
2016-10-15 12:55:59.373000,com5(1),CNCB0(0),FF 02 D3 0D 00 04 00 00 B0 3E 0D 0D 1C 03 00 08 98 B7 7B 03
2016-10-15 12:56:15.316000,com5(1),CNCB0(0),FF 02 D3 0D 00 04 00 1F 75 50 0D 0D 2C 0E 00 08 A0 B3 E0 03
2016-10-15 12:56:17.094000,com5(1),CNCB0(0),FF 02 D3 0D 00 04 00 15 4D 96 0D 0D 2D 92 00 08 A8 51 69 03
2016-10-15 12:56:48.840000,com5(1),CNCB0(0),FF 02 D3 0D 00 04 00 1E A8 20 0D 0D 4D 50 00 08 B0 90 EA 03
2016-10-15 12:56:51.757000,com5(1),CNCB0(0),FF 02 D3 0D 00 04 00 1E BF 1A 0D 0D 50 3D 00 08 B8 F2 5F 03
2016-10-15 12:57:05.813000,com5(1),CNCB0(0),FF 02 D3 0D 00 04 00 07 B5 C3 0D 0D 5E 85 00 08 C0 FC F0 03
2016-10-15 12:57:17.575000,com5(1),CNCB0(0),FF 02 D3 0D 00 04 00 1F C6 2D 0D 0D 6A 52 00 08 C8 EE 0E 03
2016-10-15 12:57:43.409000,com5(1),CNCB0(0),FF 02 D3 0D 00 04 00 15 4D A4 0D 0D 83 E0 00 08 D0 C6 92 03
2016-10-15 12:57:50.492000,com5(1),CNCB0(0),FF 02 D3 0D 00 04 00 02 83 2F 0D 0D 8B 21 00 08 D8 75 9A 03
2016-10-15 12:57:58.385000,com5(1),CNCB0(0),FF 02 D3 0D 00 04 00 1F DD 35 0D 0D 92 DC 00 08 E0 05 22 03
2016-10-15 12:58:07.917000,com5(1),CNCB0(0),FF 02 D3 0D 00 04 00 1E BF 2C 0D 0D 9C 1C 00 08 E8 65 89 03
2016-10-15 12:58:19.289000,com5(1),CNCB0(0),FF 02 D3 0D 00 04 00 1F 01 B7 0D 0D A8 08 00 08 F0 9B FD 03
2016-10-15 12:59:17.867000,com5(1),CNCB0(0),FF 02 D3 0D 00 04 00 1F DB 41 0D 0D E2 59 00 08 F8 C4 26 03
2016-10-15 12:59:37.679000,com5(1),CNCB0(0),FF 02 D3 0D 00 04 00 7D 4A 6F 0D 0D F6 24 00 09 00 4D 74 03
2016-10-15 12:59:41.517000,com5(1),CNCB0(0),FF 02 D3 0D 00 04 00 0D 8E 2A 0D 0D F9 F7 00 09 08 B6 EE 03
2016-10-15 12:59:52.889000,com5(1),CNCB0(0),FF 02 D3 0D 00 04 00 00 B1 A9 0D 0E 05 86 00 09 10 CF C2 03
2016-10-15 12:59:54.200000,com5(1),CNCB0(0),FF 02 D3 0D 00 04 00 1F 9E A0 0D 0E 06 F3 00 09 18 C2 1B 03
2016-10-15 13:00:05.853000,com5(1),CNCB0(0),FF 02 D3 0D 00 04 00 00 B1 3F 0D 0E 12 3D 00 09 20 C5 FB 03
2016-10-15 13:00:31.655000,com5(1),CNCB0(0),FF 02 D3 0D 00 04 00 1F BA 69 0D 0E 2C 68 00 09 28 74 8F 03
2016-10-15 13:00:32.935000,com5(1),CNCB0(0),FF 02 D3 0D 00 04 00 00 B1 9E 0D 0E 2D 4D 00 09 30 74 21 03
2016-10-15 13:00:48.737000,com5(1),CNCB0(0),FF 02 D3 0D 00 04 00 47 F1 0C 0D 0E 3D 7E 00 09 38 AE 46 03
2016-10-15 13:00:50.407000,com5(1),CNCB0(0),FF 02 D3 0D 00 04 00 1F DD 3B 0D 0E 3E E3 00 09 40 58 73 03
2016-10-15 13:01:27.098000,com5(1),CNCB0(0),FF 02 D3 0D 00 04 00 1F 94 4A 0D 0E 63 96 00 09 48 15 51 03
2016-10-15 13:01:28.174000,com5(1),CNCB0(0),FF 02 D3 0D 00 04 00 0D 8E 2C 0D 0E 64 9F 00 09 50 CB 1F 03
2016-10-15 13:01:30.623000,com5(1),CNCB0(0),FF 02 D3 0D 00 04 00 89 68 06 0D 0E 67 17 00 09 58 96 E5 03
2016-10-15 13:01:34.367000,com5(1),CNCB0(0),FF 02 D3 0D 00 04 00 1F 9E 9C 0D 0E 6B 1D 00 09 60 EC 91 03
2016-10-15 13:02:03.930000,com5(1),CNCB0(0),FF 02 D3 0D 00 04 00 1F C6 5B 0D 0E 88 AC 00 09 70 83 D6 03
2016-10-15 13:02:06.784000,com5(1),CNCB0(0),FF 02 D3 0D 00 04 00 1F 17 FF 0D 0E 8B 47 00 09 78 06 42 03
2016-10-15 13:02:11.745000,com5(1),CNCB0(0),FF 02 D3 0D 00 04 00 00 B0 96 0D 0E 90 1E 00 09 80 7C EE 03
2016-10-15 13:02:15.115000,com5(1),CNCB0(0),FF 02 D3 0D 00 04 00 7C FA CA 0D 0E 93 DB 00 09 88 27 4B 03
2016-10-15 13:02:18.188000,com5(1),CNCB0(0),FF 02 D3 0D 00 04 00 00 B0 EC 0D 0E 96 D6 00 09 90 66 EE 03
2016-10-15 13:02:26.955000,com5(1),CNCB0(0),FF 02 D3 0D 00 04 00 1F 18 2C 0D 0E 9F B5 00 09 98 54 BD 03
2016-10-15 13:02:38.390000,com5(1),CNCB0(0),FF 02 D3 0D 00 04 00 02 80 36 0D 0E AB 08 00 09 A0 27 B5 03
2016-10-15 13:02:44.084000,com5(1),CNCB0(0),FF 02 D3 0D 00 04 00 00 11 A0 0D 0E B0 76 00 09 A8 75 5B 03
2016-10-15 13:02:46.736000,com5(1),CNCB0(0),FF 02 D3 0D 00 04 00 15 A3 50 0D 0E B3 7C 00 09 B0 F4 A5 03
2016-10-15 13:03:15.502000,com5(1),CNCB0(0),FF 02 D3 0D 00 04 00 07 B5 D0 0D 0E D0 37 00 09 B8 47 9A 03
2016-10-15 13:03:20.307000,com5(1),CNCB0(0),FF 02 D3 0D 00 04 00 00 B1 8F 0D 0E D4 AF 00 09 C0 ED B1 03
2016-10-15 13:03:35.081000,com5(1),CNCB0(0),FF 02 D3 0D 00 04 00 04 A8 B3 0D 0E E3 73 00 09 C8 F1 1B 03
2016-10-15 13:03:50.603000,com5(1),CNCB0(0),FF 02 D3 0D 00 04 00 7A 63 42 0D 0E F3 12 00 09 D0 76 4E 03
2016-10-15 13:04:10.399000,com5(1),CNCB0(0),FF 02 D3 0D 00 04 00 03 1E 69 0D 0F 07 0B 00 09 D8 10 20 03
2016-10-15 13:04:15.251000,com5(1),CNCB0(0),FF 02 D3 0D 00 04 00 1F C6 26 0D 0F 0C 00 00 09 E0 B1 31 03
2016-10-15 13:04:27.762000,com5(1),CNCB0(0),FF 02 D3 0D 00 04 00 7A EA CC 0D 0F 18 81 00 09 E8 CC 81 03
2016-10-15 13:04:31.272000,com5(1),CNCB0(0),FF 02 D3 0D 00 04 00 1F 94 48 0D 0F 1C 05 00 09 F0 28 62 03
2016-10-15 13:04:50.507000,com5(1),CNCB0(0),FF 02 D3 0D 00 04 00 8C 51 01 0D 0F 2E FB 00 09 F8 07 FF 03
2016-10-15 13:04:59.227000,com5(1),CNCB0(0),FF 02 D3 0D 00 04 00 1F 5F E1 0D 0F 37 B8 00 0A 00 5C 41 03
2016-10-15 13:05:06.902000,com5(1),CNCB0(0),FF 02 D3 0D 00 04 00 1F C6 23 0D 0F 3F 62 00 0A 10 3F CA 03
2016-10-15 13:05:22.877000,com5(1),CNCB0(0),FF 02 D3 0D 00 04 00 1F 9E E0 0D 0F 4F 12 00 0A 18 BF E0 03
2016-10-15 13:05:27.057000,com5(1),CNCB0(0),FF 02 D3 0D 00 04 00 02 83 52 0D 0F 53 71 00 0A 20 93 D1 03
2016-10-15 13:05:31.582000,com5(1),CNCB0(0),FF 02 D3 0D 00 04 00 89 7D BE 0D 0F 58 50 00 0A 28 0C 09 03
2016-10-15 13:05:32.564000,com5(1),CNCB0(0),FF 02 D3 0D 00 04 00 1E DB 38 0D 0F 59 51 00 0A 30 A8 BF 03
2016-10-15 13:05:47.821000,com5(1),CNCB0(0),FF 02 D3 0D 00 04 00 1E ED 80 0D 0F 68 95 00 0A 38 A8 DB 03
2016-10-15 13:06:01.440000,com5(1),CNCB0(0),FF 02 D3 0D 00 04 00 1F C6 1B 0D 0F 76 32 00 0A 40 E4 14 03
2016-10-15 13:06:32.203000,com5(1),CNCB0(0),FF 02 D3 0D 00 04 00 83 C9 6C 0D 0F 94 F0 00 0A 48 B7 CA 03
2016-10-15 13:06:55.057000,com5(1),CNCB0(0),FF 02 D3 0D 00 04 00 7A 9D 78 0D 0F AB C9 00 0A 50 43 7D 03
2016-10-15 13:07:11.718000,com5(1),CNCB0(0),FF 02 D3 0D 00 04 00 7A 60 F9 0D 0F BC 75 00 0A 58 35 77 03
2016-10-15 13:07:17.272000,com5(1),CNCB0(0),FF 02 D3 0D 00 04 00 1F 17 CF 0D 0F C2 08 00 0A 60 1C E1 03
2016-10-15 13:08:15.023000,com5(1),CNCB0(0),FF 02 D3 0D 00 04 00 0A AE 61 0D 0F FB 7A 00 0A 78 B8 AC 03
2016-10-15 13:09:28.842000,com5(1),CNCB0(0),FF 02 D3 0D 00 04 00 89 7E 20 0D 10 45 52 00 0A 80 A2 E5 03
2016-10-15 13:09:39.482000,com5(1),CNCB0(0),FF 02 D3 0D 00 04 00 79 A0 01 0D 10 4F F3 00 0A 88 69 84 03
2016-10-15 13:09:56.376000,com5(1),CNCB0(0),FF 02 D3 0D 00 04 00 1F 17 F6 0D 10 60 DB 00 0A 90 75 15 03
2016-10-15 13:10:25.720000,com5(1),CNCB0(0),FF 02 D3 0D 00 04 00 1E DA FF 0D 10 7E 79 00 0A 98 B0 CE 03
2016-10-15 13:11:29.899000,com5(1),CNCB0(0),FF 02 D3 0D 00 04 00 00 03 9F 0D 10 BE 8B 00 0A A0 30 BC 03
2016-10-15 13:11:37.683000,com5(1),CNCB0(0),FF 02 D3 0D 00 04 00 47 F1 10 0D 10 C5 E1 00 0A A8 4D 78 03
2016-10-15 13:11:39.415000,com5(1),CNCB0(0),FF 02 D3 0D 00 04 00 1F 18 03 0D 10 C8 2A 00 0A B0 F3 80 03
2016-10-15 13:12:31.113000,com5(1),CNCB0(0),FF 02 D3 0D 00 04 00 00 B2 0E 0D 10 FB 81 00 0A B8 67 A5 03
2016-10-15 13:13:06.260000,com5(1),CNCB0(0),FF 02 D3 0D 00 04 00 1E BF 18 0D 11 1F 05 00 0A C0 C2 AE 03
2016-10-15 13:14:06.585000,com5(1),CNCB0(0),FF 02 D3 0D 00 04 00 1E A8 14 0D 11 5B 13 00 0A C8 E7 3C 03
2016-10-15 13:14:23.511000,com5(1),CNCB0(0),FF 02 D3 0D 00 04 00 1F 9F C5 0D 11 6C 02 00 0A D0 F8 AA 03
2016-10-15 13:15:03.385000,com5(1),CNCB0(0),FF 02 D3 0D 00 04 00 03 1E 61 0D 11 94 09 00 0A D8 E1 EB 03
2016-10-15 13:15:12.339000,com5(1),CNCB0(0),FF 02 D3 0D 00 04 00 1F 5F E0 0D 11 9D 1B 00 0A E0 B8 8D 03
2016-10-15 13:15:17.207000,com5(1),CNCB0(0),FF 02 D3 0D 00 04 00 1E DA F7 0D 11 A1 B1 00 0A E8 CB B1 03
2016-10-15 13:15:50.544000,com5(1),CNCB0(0),FF 02 D3 0D 00 04 00 1F 59 01 0D 11 C3 09 00 0A F0 BE F9 03
2016-10-15 13:15:54.366000,com5(1),CNCB0(0),FF 02 D3 0D 00 04 00 1E C2 4A 0D 11 C7 21 00 0A F8 1E 65 03
2016-10-15 13:16:12.228000,com5(1),CNCB0(0),FF 02 D3 0D 00 04 00 02 7F F2 0D 11 D8 53 00 0B 00 C0 3A 03
2016-10-15 13:16:27.516000,com5(1),CNCB0(0),FF 02 D3 0D 00 04 00 02 7F F2 0D 11 E8 2C 00 0B 08 8E 3F 03
2016-10-15 13:16:36.267000,com5(1),CNCB0(0),FF 02 D3 0D 00 04 00 15 4D EB 0D 11 F0 C1 00 0B 10 36 4B 03
2016-10-15 13:16:47.796000,com5(1),CNCB0(0),FF 02 D3 0D 00 04 00 1F DB 40 0D 11 FC 4A 00 0B 18 B9 E6 03
2016-10-15 13:17:04.504000,com5(1),CNCB0(0),FF 02 D3 0D 00 04 00 47 F0 EC 0D 12 0D 45 00 0B 20 8E BA 03
2016-10-15 13:17:12.522000,com5(1),CNCB0(0),FF 02 D3 0D 00 04 00 07 B5 8A 0D 12 15 42 00 0B 28 4F 33 03
2016-10-15 13:17:24.362000,com5(1),CNCB0(0),FF 02 D3 0D 00 04 00 07 B5 8A 0D 12 20 D4 00 0B 30 D8 01 03
2016-10-15 13:17:47.450000,com5(1),CNCB0(0),FF 02 D3 0D 00 04 00 73 AD 02 0D 12 37 ED 00 0B 38 54 20 03
2016-10-15 13:18:15.702000,com5(1),CNCB0(0),FF 02 D3 0D 00 04 00 1F 88 1C 0D 12 54 76 00 0B 40 AA 5A 03
2016-10-15 13:18:19.992000,com5(1),CNCB0(0),FF 02 D3 0D 00 04 00 00 B1 B1 0D 12 58 A7 00 0B 48 2D 62 03
2016-10-15 13:18:37.121000,com5(1),CNCB0(0),FF 02 D3 0D 00 04 00 1E A8 0F 0D 12 69 9E 00 0B 50 87 EC 03
2016-10-15 13:18:41.941000,com5(1),CNCB0(0),FF 02 D3 0D 00 04 00 1F 9E 8D 0D 12 6E B3 00 0B 58 0D 76 03
2016-10-15 13:18:46.652000,com5(1),CNCB0(0),FF 02 D3 0D 00 04 00 04 A8 A2 0D 12 73 4C 00 0B 60 8F 92 03
2016-10-15 13:19:28.507000,com5(1),CNCB0(0),FF 02 D3 0D 00 04 00 2A BA 71 0D 12 9D 46 00 0B 68 4B 2D 03
2016-10-15 13:19:34.888000,com5(1),CNCB0(0),FF 02 D3 0D 00 04 00 07 B5 94 0D 12 A3 9F 00 0B 70 3E 42 03
2016-10-15 13:19:38.476000,com5(1),CNCB0(0),FF 02 D3 0D 00 04 00 1F 5F E9 0D 12 A7 3D 00 0B 78 63 61 03
2016-10-15 13:20:28.599000,com5(1),CNCB0(0),FF 02 D3 0D 00 04 00 76 1D 28 0D 12 D9 58 00 0B 80 89 50 03
2016-10-15 13:20:31.609000,com5(1),CNCB0(0),FF 02 D3 0D 00 04 00 73 85 11 0D 12 DC 18 00 0B 88 E6 45 03
2016-10-15 13:20:50.907000,com5(1),CNCB0(0),FF 02 D3 0D 00 04 00 00 B0 5E 0D 12 EF 91 00 0B 90 2B 19 03
2016-10-15 13:21:49.547000,com5(1),CNCB0(0),FF 02 D3 0D 00 04 00 1F 4A 6E 0D 13 2A 09 00 0B 98 3B BE 03
2016-10-15 13:22:58.172000,com5(1),CNCB0(0),FF 02 D3 0D 00 04 00 1F C6 46 0D 13 6E F0 00 0B A0 36 4F 03
2016-10-15 13:22:59.529000,com5(1),CNCB0(0),FF 02 D3 0D 00 04 00 1F C6 45 0D 13 70 4B 00 0B A8 2C 26 03
2016-10-15 13:23:08.249000,com5(1),CNCB0(0),FF 02 D3 0D 00 04 00 1F 8B 47 0D 13 79 04 00 0B B0 D6 7F 03
2016-10-15 13:23:11.323000,com5(1),CNCB0(0),FF 02 D3 0D 00 04 00 47 F1 0A 0D 13 7C 17 00 0B B8 BE DB 03
2016-10-15 13:23:16.486000,com5(1),CNCB0(0),FF 02 D3 0D 00 04 00 02 83 53 0D 13 80 E2 00 0B C0 80 3C 03
2016-10-15 13:23:24.193000,com5(1),CNCB0(0),FF 02 D3 0D 00 04 00 47 F1 07 0D 13 88 F7 00 0B C8 DE A0 03
2016-10-15 13:23:29.887000,com5(1),CNCB0(0),FF 02 D3 0D 00 04 00 1A 43 8D 0D 13 8E A7 00 0B D0 C9 30 03
2016-10-15 13:23:47.327000,com5(1),CNCB0(0),FF 02 D3 0D 00 04 00 04 2E 8F 0D 13 9F B7 00 0B D8 87 6F 03
2016-10-15 13:24:18.917000,com5(1),CNCB0(0),FF 02 D3 0D 00 04 00 75 7F C4 0D 13 BF A9 00 0B E0 D4 D6 03
2016-10-15 13:24:50.352000,com5(1),CNCB0(0),FF 02 D3 0D 00 04 00 0D 8E 14 0D 13 DE D2 00 0B E8 80 9A 03
2016-10-15 13:25:42.846000,com5(1),CNCB0(0),FF 02 D3 0D 00 04 00 03 1D B0 0D 14 13 81 00 0B F0 C2 F0 03
2016-10-15 13:25:44.234000,com5(1),CNCB0(0),FF 02 D3 0D 00 04 00 1F 50 F3 0D 14 15 00 00 0B F8 E2 E1 03
2016-10-15 13:25:46.122000,com5(1),CNCB0(0),FF 02 D3 0D 00 04 00 1E BF 07 0D 14 16 E3 00 0C 00 A4 2A 03
2016-10-15 13:25:49.897000,com5(1),CNCB0(0),FF 02 D3 0D 00 04 00 1E DA EE 0D 14 1A A8 00 0C 08 6F 6F 03
2016-10-15 13:25:56.074000,com5(1),CNCB0(0),FF 02 D3 0D 00 04 00 1F 50 D2 0D 14 20 D7 00 0C 10 23 C6 03
2016-10-15 13:26:06.932000,com5(1),CNCB0(0),FF 02 D3 0D 00 04 00 15 4E 26 0D 14 2B B1 00 0C 18 14 FF 03
2016-10-15 13:26:10.894000,com5(1),CNCB0(0),FF 02 D3 0D 00 04 00 1E BF 26 0D 14 2F A9 00 0C 20 56 BB 03
2016-10-15 13:26:27.056000,com5(1),CNCB0(0),FF 02 D3 0D 00 04 00 1F 9E 9D 0D 14 3F 8D 00 0C 28 BA 77 03
2016-10-15 13:26:28.788000,com5(1),CNCB0(0),FF 02 D3 0D 00 04 00 0A AE 65 0D 14 41 41 00 0C 30 3B 59 03
2016-10-15 13:26:31.611000,com5(1),CNCB0(0),FF 02 D3 0D 00 04 00 03 1D 81 0D 14 44 45 00 0C 38 9B B9 03
2016-10-15 13:26:37.508000,com5(1),CNCB0(0),FF 02 D3 0D 00 04 00 80 46 AE 0D 14 4A 41 00 0C 40 9D 77 03
2016-10-15 13:27:03.669000,com5(1),CNCB0(0),FF 02 D3 0D 00 04 00 03 80 27 0D 14 64 12 00 0C 48 90 82 03
2016-10-15 13:27:15.947000,com5(1),CNCB0(0),FF 02 D3 0D 00 04 00 02 1F 16 0D 14 70 57 00 0C 50 5A C4 03
2016-10-15 13:28:09.033000,com5(1),CNCB0(0),FF 02 D3 0D 00 04 00 03 80 39 0D 14 A5 B3 00 0C 58 83 D4 03
2016-10-15 13:28:29.173000,com5(1),CNCB0(0),FF 02 D3 0D 00 04 00 1F 09 4A 0D 14 B9 AE 00 0C 60 21 C3 03
2016-10-15 13:28:30.515000,com5(1),CNCB0(0),FF 02 D3 0D 00 04 00 1F 09 49 0D 14 BB 47 00 0C 68 0F C7 03
2016-10-15 13:29:45.707000,com5(1),CNCB0(0),FF 02 D3 0D 00 04 00 00 B1 BD 0D 15 06 5D 00 0C 70 8C 88 03
2016-10-15 13:30:03.241000,com5(1),CNCB0(0),FF 02 D3 0D 00 04 00 00 B1 D7 0D 15 17 E5 00 0C 78 35 4D 03
2016-10-15 13:30:08.171000,com5(1),CNCB0(0),FF 02 D3 0D 00 04 00 1F 09 4D 0D 15 1C AF 00 0C 80 02 EF 03
2016-10-15 13:30:46.547000,com5(1),CNCB0(0),FF 02 D3 0D 00 04 00 15 A3 4B 0D 15 43 50 00 0C 88 90 98 03
2016-10-15 13:31:02.428000,com5(1),CNCB0(0),FF 02 D3 0D 00 04 00 07 B5 BC 0D 15 53 2A 00 0C 90 BC 17 03
2016-10-15 13:31:07.685000,com5(1),CNCB0(0),FF 02 D3 0D 00 04 00 0D 8E 12 0D 15 58 2A 00 0C 98 03 A7 03
2016-10-15 13:31:47.309000,com5(1),CNCB0(0),FF 02 D3 0D 00 04 00 00 11 6D 0D 15 7F B5 00 0C A0 FB 40 03
2016-10-15 13:32:38.181000,com5(1),CNCB0(0),FF 02 D3 0D 00 04 00 1E DB 3C 0D 15 B2 B2 00 0C A8 21 C9 03
2016-10-15 13:33:06.838000,com5(1),CNCB0(0),FF 02 D3 0D 00 04 00 00 B0 AB 0D 15 CF 7F 00 0C B0 7D 67 03
2016-10-15 13:33:10.286000,com5(1),CNCB0(0),FF 02 D3 0D 00 04 00 03 1D A7 0D 15 D2 F2 00 0C B8 8E 34 03
2016-10-15 13:33:15.886000,com5(1),CNCB0(0),FF 02 D3 0D 00 04 00 04 A8 B5 0D 15 D8 8B 00 0C C0 AB C7 03
2016-10-15 13:34:05.572000,com5(1),CNCB0(0),FF 02 D3 0D 00 04 00 07 B1 D4 0D 16 0A 50 00 0C C8 B8 54 03
2016-10-15 13:34:09.956000,com5(1),CNCB0(0),FF 02 D3 0D 00 04 00 1E ED 57 0D 16 0E BA 00 0C D0 E4 DA 03
2016-10-15 13:34:53.215000,com5(1),CNCB0(0),FF 02 D3 0D 00 04 00 1F C6 1F 0D 16 39 FC 00 0C D8 BF BE 03
2016-10-15 13:34:59.813000,com5(1),CNCB0(0),FF 02 D3 0D 00 04 00 75 A7 37 0D 16 40 92 00 0C E0 24 E5 03
2016-10-15 13:35:06.755000,com5(1),CNCB0(0),FF 02 D3 0D 00 04 00 02 59 B5 0D 16 46 E1 00 0C E8 1B 39 03
2016-10-15 13:35:27.862000,com5(1),CNCB0(0),FF 02 D3 0D 00 04 00 0D 8E 1E 0D 16 5C 98 00 0C F0 BE 04 03
2016-10-15 13:35:31.341000,com5(1),CNCB0(0),FF 02 D3 0D 00 04 00 1F 88 17 0D 16 60 1D 00 0C F8 0F 0D 03
2016-10-15 13:35:50.030000,com5(1),CNCB0(0),FF 02 D3 0D 00 04 00 07 B5 D4 0D 16 72 80 00 0D 00 5E 1E 03
2016-10-15 13:35:53.649000,com5(1),CNCB0(0),FF 02 D3 0D 00 04 00 03 1D 60 0D 16 76 50 00 0D 08 AD 51 03
2016-10-15 13:36:43.444000,com5(1),CNCB0(0),FF 02 D3 0D 00 04 00 02 83 6A 0D 16 A8 1D 00 0D 10 C7 23 03
2016-10-15 13:37:26.968000,com5(1),CNCB0(0),FF 02 D3 0D 00 04 00 1F 88 24 0D 16 D3 BC 00 0D 18 AB 9A 03
2016-10-15 13:37:32.740000,com5(1),CNCB0(0),FF 02 D3 0D 00 04 00 1E ED 83 0D 16 D9 84 00 0D 20 62 A3 03
2016-10-15 13:37:51.663000,com5(1),CNCB0(0),FF 02 D3 0D 00 04 00 89 57 74 0D 16 EC 2A 00 0D 28 F8 0D 03
2016-10-15 13:37:55.345000,com5(1),CNCB0(0),FF 02 D3 0D 00 04 00 02 83 36 0D 16 F0 03 00 0D 30 5F 63 03
2016-10-15 13:37:56.452000,com5(1),CNCB0(0),FF 02 D3 0D 00 04 00 1F 17 C9 0D 16 F1 3A 00 0D 38 39 4A 03
2016-10-15 13:38:15.438000,com5(1),CNCB0(0),FF 02 D3 0D 00 04 00 04 A8 B4 0D 17 03 8F 00 0D 40 76 56 03
2016-10-15 13:38:18.339000,com5(1),CNCB0(0),FF 02 D3 0D 00 04 00 00 B4 0B 0D 17 07 02 00 0D 48 49 8C 03
2016-10-15 13:38:19.946000,com5(1),CNCB0(0),FF 02 D3 0D 00 04 00 1F BA 68 0D 17 08 B9 00 0D 50 D7 E7 03
2016-10-15 13:38:23.846000,com5(1),CNCB0(0),FF 02 D3 0D 00 04 00 04 2E 8D 0D 17 0C 84 00 0D 58 FB 7E 03
2016-10-15 13:38:26.358000,com5(1),CNCB0(0),FF 02 D3 0D 00 04 00 15 4D C9 0D 17 0E DE 00 0D 60 7E CB 03
2016-10-15 13:38:27.481000,com5(1),CNCB0(0),FF 02 D3 0D 00 04 00 00 B4 14 0D 17 0F E2 00 0D 68 5A FF 03
2016-10-15 13:38:35.453000,com5(1),CNCB0(0),FF 02 D3 0D 00 04 00 1E A8 24 0D 17 18 3A 00 0D 70 D3 17 03
2016-10-15 13:39:57.977000,com5(1),CNCB0(0),FF 02 D3 0D 00 04 00 0D 8E 15 0D 17 6A B8 00 0D 78 87 40 03
2016-10-15 13:40:15.106000,com5(1),CNCB0(0),FF 02 D3 0D 00 04 00 00 03 E0 0D 17 7B 84 00 0D 80 AD DB 03
2016-10-15 13:40:17.368000,com5(1),CNCB0(0),FF 02 D3 0D 00 04 00 00 B1 8A 0D 17 7E 08 00 0D 88 A4 1D 03
2016-10-15 13:41:11.624000,com5(1),CNCB0(0),FF 02 D3 0D 00 04 00 07 B5 A1 0D 17 B4 5D 00 0D 90 CA B0 03
2016-10-15 13:41:38.768000,com5(1),CNCB0(0),FF 02 D3 0D 00 04 00 1F 09 4B 0D 17 CF 47 00 0D 98 6D 7D 03
2016-10-15 13:41:40.453000,com5(1),CNCB0(0),FF 02 D3 0D 00 04 00 1E D1 D0 0D 17 D1 3B 00 0D A0 5D 66 03
2016-10-15 13:42:36.941000,com5(1),CNCB0(0),FF 02 D3 0D 00 04 00 83 C9 62 0D 18 09 B3 00 0D A8 7E D5 03
2016-10-15 13:42:39.702000,com5(1),CNCB0(0),FF 02 D3 0D 00 04 00 97 85 10 0D 18 0C 76 00 0D B0 66 82 03
2016-10-15 13:42:41.028000,com5(1),CNCB0(0),FF 02 D3 0D 00 04 00 1F 88 29 0D 18 0D CD 00 0D B8 1A 69 03
2016-10-15 13:42:47.440000,com5(1),CNCB0(0),FF 02 D3 0D 00 04 00 03 B3 6C 0D 18 13 DA 00 0D C0 C6 00 03
2016-10-15 13:42:56.067000,com5(1),CNCB0(0),FF 02 D3 0D 00 04 00 15 4E 37 0D 18 1C D6 00 0D C8 FD 2C 03
2016-10-15 13:43:00.123000,com5(1),CNCB0(0),FF 02 D3 0D 00 04 00 04 41 12 0D 18 20 CC 00 0D D0 63 FC 03
2016-10-15 13:43:11.136000,com5(1),CNCB0(0),FF 02 D3 0D 00 04 00 0A B0 58 0D 18 2B 9E 00 0D D8 89 70 03
2016-10-15 13:44:32.756000,com5(1),CNCB0(0),FF 02 D3 0D 00 04 00 1F 75 4D 0D 18 7D 87 00 0D E0 B7 9A 03
2016-10-15 13:45:22.208000,com5(1),CNCB0(0),FF 02 D3 0D 00 04 00 1F C6 25 0D 18 AE FC 00 0D E8 98 F2 03
2016-10-15 13:45:51.567000,com5(1),CNCB0(0),FF 02 D3 0D 00 04 00 07 AA 7A 0D 18 CB C2 00 0D F0 89 74 03
2016-10-15 13:45:53.938000,com5(1),CNCB0(0),FF 02 D3 0D 00 04 00 03 1D 9E 0D 18 CE 57 00 0D F8 4E 38 03
2016-10-15 13:47:13.888000,com5(1),CNCB0(0),FF 02 D3 0D 00 04 00 1F 17 CD 0D 19 1E A9 00 0E 00 C0 F9 03
2016-10-15 13:47:17.039000,com5(1),CNCB0(0),FF 02 D3 0D 00 04 00 89 F6 3E 0D 19 21 8C 00 0E 08 6B 2F 03
2016-10-15 13:47:25.744000,com5(1),CNCB0(0),FF 02 D3 0D 00 04 00 1F 5F F7 0D 19 2A 41 00 0E 10 F5 DB 03
2016-10-15 13:47:36.056000,com5(1),CNCB0(0),FF 02 D3 0D 00 04 00 1F 5F F7 0D 19 34 D6 00 0E 18 6E F1 03
2016-10-15 13:47:55.260000,com5(1),CNCB0(0),FF 02 D3 0D 00 04 00 00 B1 40 0D 19 47 EE 00 0E 20 B1 95 03
2016-10-15 13:48:37.130000,com5(1),CNCB0(0),FF 02 D3 0D 00 04 00 00 B4 0C 0D 19 71 8C 00 0E 28 1E E9 03
2016-10-15 13:49:35.490000,com5(1),CNCB0(0),FF 02 D3 0D 00 04 00 1F 88 37 0D 19 AC 45 00 0E 30 93 68 03
2016-10-15 13:50:02.103000,com5(1),CNCB0(0),FF 02 D3 0D 00 04 00 79 EC F1 0D 19 C6 DD 00 0E 38 D2 F3 03
2016-10-15 13:50:21.869000,com5(1),CNCB0(0),FF 02 D3 0D 00 04 00 15 4D 97 0D 19 DA 63 00 0E 40 9E F2 03
2016-10-15 13:50:23.241000,com5(1),CNCB0(0),FF 02 D3 0D 00 04 00 02 59 C2 0D 19 DB ED 00 0E 48 ED 24 03
2016-10-15 13:50:39.107000,com5(1),CNCB0(0),FF 02 D3 0D 00 04 00 1E 9E D5 0D 19 EB A1 00 0E 50 18 94 03
2016-10-15 13:51:06.672000,com5(1),CNCB0(0),FF 02 D3 0D 00 04 00 1F 50 D3 0D 1A 06 E9 00 0E 58 93 1E 03
2016-10-15 13:51:08.949000,com5(1),CNCB0(0),FF 02 D3 0D 00 04 00 1F 50 E9 0D 1A 09 79 00 0E 60 55 FE 03
2016-10-15 13:51:18.387000,com5(1),CNCB0(0),FF 02 D3 0D 00 04 00 47 F1 0F 0D 1A 13 2C 00 0E 68 27 63 03
2016-10-15 13:51:20.197000,com5(1),CNCB0(0),FF 02 D3 0D 00 04 00 1F 50 EC 0D 1A 14 FA 00 0E 70 EE 94 03
2016-10-15 13:51:43.878000,com5(1),CNCB0(0),FF 02 D3 0D 00 04 00 00 B0 C4 0D 1A 2C 4C 00 0E 78 E1 E2 03
2016-10-15 13:51:54.782000,com5(1),CNCB0(0),FF 02 D3 0D 00 04 00 1E A7 AC 0D 1A 37 8F 00 0E 80 14 6F 03
2016-10-15 13:51:57.778000,com5(1),CNCB0(0),FF 02 D3 0D 00 04 00 1F 50 DE 0D 1A 3A 90 00 0E 88 78 B0 03
2016-10-15 13:51:59.338000,com5(1),CNCB0(0),FF 02 D3 0D 00 04 00 1E D1 DA 0D 1A 3C 1E 00 0E 90 83 7D 03
2016-10-15 13:52:04.766000,com5(1),CNCB0(0),FF 02 D3 0D 00 04 00 00 B0 B3 0D 1A 41 71 00 0E 98 96 A7 03
2016-10-15 13:52:14.906000,com5(1),CNCB0(0),FF 02 D3 0D 00 04 00 1F 17 FD 0D 1A 4B B2 00 0E A0 D6 B6 03
2016-10-15 13:52:19.898000,com5(1),CNCB0(0),FF 02 D3 0D 00 04 00 00 03 AE 0D 1A 50 92 00 0E A8 50 5E 03
2016-10-15 13:52:53.002000,com5(1),CNCB0(0),FF 02 D3 0D 00 04 00 7C 86 87 0D 1A 71 C5 00 0E B0 B8 46 03
2016-10-15 13:53:05.513000,com5(1),CNCB0(0),FF 02 D3 0D 00 04 00 03 80 43 0D 1A 7E 32 00 0E B8 CA 98 03
2016-10-15 13:53:33.624000,com5(1),CNCB0(0),FF 02 D3 0D 00 04 00 07 AC 85 0D 1A 9A 60 00 0E C0 75 DA 03
2016-10-15 13:53:49.427000,com5(1),CNCB0(0),FF 02 D3 0D 00 04 00 1F 9E DA 0D 1A A9 F2 00 0E C8 25 ED 03
2016-10-15 13:53:52.531000,com5(1),CNCB0(0),FF 02 D3 0D 00 04 00 00 B4 0D 0D 1A AD 37 00 0E D0 DE 0A 03
2016-10-15 13:53:59.822000,com5(1),CNCB0(0),FF 02 D3 0D 00 04 00 03 9B A9 0D 1A B4 3A 00 0E D8 F6 E5 03
2016-10-15 13:54:57.717000,com5(1),CNCB0(0),FF 02 D3 0D 00 04 00 0C 35 00 0D 1A EE 32 00 0E E0 66 35 03
2016-10-15 13:55:29.017000,com5(1),CNCB0(0),FF 02 D3 0D 00 04 00 07 A3 66 0D 1B 0D C6 00 0E E8 64 72 03
2016-10-15 13:56:49.232000,com5(1),CNCB0(0),FF 02 D3 0D 00 04 00 1E E6 47 0D 1B 5E 05 00 0E F0 AE A3 03
2016-10-15 13:57:11.073000,com5(1),CNCB0(0),FF 02 D3 0D 00 04 00 83 C9 60 0D 1B 73 D6 00 0E F8 63 A7 03
2016-10-15 13:57:48.903000,com5(1),CNCB0(0),FF 02 D3 0D 00 04 00 02 7F F1 0D 1B 99 94 00 0F 00 DB 50 03
2016-10-15 13:57:53.629000,com5(1),CNCB0(0),FF 02 D3 0D 00 04 00 1F 8B 61 0D 1B 9E 27 00 0F 08 27 56 03
2016-10-15 13:57:56.609000,com5(1),CNCB0(0),FF 02 D3 0D 00 04 00 15 4D DB 0D 1B A1 66 00 0F 10 5A 97 03
2016-10-15 13:58:20.711000,com5(1),CNCB0(0),FF 02 D3 0D 00 04 00 03 F7 E9 0D 1B B9 66 00 0F 18 53 57 03
2016-10-15 13:58:24.268000,com5(1),CNCB0(0),FF 02 D3 0D 00 04 00 1F 50 EA 0D 1B BC CC 00 0F 20 9B 02 03
2016-10-15 13:58:46.795000,com5(1),CNCB0(0),FF 02 D3 0D 00 04 00 02 59 8B 0D 1B D3 78 00 0F 28 6B 46 03
2016-10-15 13:58:52.332000,com5(1),CNCB0(0),FF 02 D3 0D 00 04 00 1F 75 52 0D 1B D9 1D 00 0F 30 A2 16 03
2016-10-15 13:58:53.851000,com5(1),CNCB0(0),FF 02 D3 0D 00 04 00 1E DA DF 0D 1B DA 5E 00 0F 38 E3 44 03
2016-10-15 13:59:11.824000,com5(1),CNCB0(0),FF 02 D3 0D 00 04 00 0D 8E 0F 0D 1B EC 93 00 0F 40 5C EF 03
2016-10-15 13:59:27.639000,com5(1),CNCB0(0),FF 02 D3 0D 00 04 00 00 B0 ED 0D 1B FC 0C 00 0F 48 BF 28 03
2016-10-15 13:59:49.674000,com5(1),CNCB0(0),FF 02 D3 0D 00 04 00 1E A8 16 0D 1C 12 74 00 0F 50 CC A8 03
2016-10-15 13:59:52.560000,com5(1),CNCB0(0),FF 02 D3 0D 00 04 00 15 A3 4D 0D 1C 15 57 00 0F 58 7D 3E 03
2016-10-15 14:00:15.256000,com5(1),CNCB0(0),FF 02 D3 0D 00 04 00 1E A8 1C 0D 1C 2C 0A 00 0F 60 68 19 03
2016-10-15 14:00:47.498000,com5(1),CNCB0(0),FF 02 D3 0D 00 04 00 00 B1 E1 0D 1C 4C 2C 00 0F 68 C0 33 03
2016-10-15 14:01:30.164000,com5(1),CNCB0(0),FF 02 D3 0D 00 04 00 1E BF 2D 0D 1C 76 F2 00 0F 70 FE 05 03
2016-10-15 14:01:54.859000,com5(1),CNCB0(0),FF 02 D3 0D 00 04 00 47 F1 0E 0D 1C 8F A6 00 0F 78 8D D7 03
2016-10-15 14:03:26.670000,com5(1),CNCB0(0),FF 02 D3 0D 00 04 00 03 80 22 0D 1C EB 14 00 0F 80 92 5C 03
2016-10-15 14:03:38.175000,com5(1),CNCB0(0),FF 02 D3 0D 00 04 00 77 08 D0 0D 1C F6 F3 00 0F 88 66 10 03
2016-10-15 14:03:44.228000,com5(1),CNCB0(0),FF 02 D3 0D 00 04 00 1F 9E A3 0D 1C FC BE 00 0F 90 03 83 03
2016-10-15 14:04:08.283000,com5(1),CNCB0(0),FF 02 D3 0D 00 04 00 07 B5 73 0D 1D 15 0D 00 0F 98 0E DF 03
2016-10-15 14:04:28.579000,com5(1),CNCB0(0),FF 02 D3 0D 00 04 00 1F ED AE 0D 1D 29 1C 00 0F A0 03 9F 03
2016-10-15 14:04:43.259000,com5(1),CNCB0(0),FF 02 D3 0D 00 04 00 04 41 00 0D 1D 37 EF 00 0F A8 A7 F1 03
2016-10-15 14:04:44.693000,com5(1),CNCB0(0),FF 02 D3 0D 00 04 00 0F 5C 3F 0D 1D 39 79 00 0F B0 39 D2 03
2016-10-15 14:04:53.241000,com5(1),CNCB0(0),FF 02 D3 0D 00 04 00 1E DA F6 0D 1D 42 06 00 0F B8 AD 1E 03
2016-10-15 14:04:56.014000,com5(1),CNCB0(0),FF 02 D3 0D 00 04 00 00 B1 4B 0D 1D 44 B0 00 0F C0 63 5B 03
2016-10-15 14:06:26.592000,com5(1),CNCB0(0),FF 02 D3 0D 00 04 00 1F 4A 7F 0D 1D 9F 60 00 0F C8 7A 67 03
2016-10-15 14:07:12.624000,com5(1),CNCB0(0),FF 02 D3 0D 00 04 00 00 B0 4A 0D 1D CD 4E 00 0F D8 52 6A 03
2016-10-15 14:07:20.110000,com5(1),CNCB0(0),FF 02 D3 0D 00 04 00 02 59 CC 0D 1D D4 CA 00 0F E0 04 CD 03
2016-10-15 14:10:21.800000,com5(1),CNCB0(0),FF 02 D3 0D 00 04 00 03 F7 B2 0D 1E 8A 39 00 0F E8 84 FA 03
2016-10-15 14:11:34.215000,com5(1),CNCB0(0),FF 02 D3 0D 00 04 00 83 C9 68 0D 1E D2 FD 00 0F F0 F4 95 03
2016-10-15 14:11:37.990000,com5(1),CNCB0(0),FF 02 D3 0D 00 04 00 00 0B 61 0D 1E D6 AE 00 0F F8 B9 77 03
2016-10-15 14:12:17.786000,com5(1),CNCB0(0),FF 02 D3 0D 00 04 00 04 A8 97 0D 1E FE 34 00 10 00 39 E4 03
2016-10-15 14:14:43.225000,com5(1),CNCB0(0),FF 02 D3 0D 00 04 00 7D 13 94 0D 1F 90 03 00 10 08 5D D7 03
2016-10-15 14:14:51.477000,com5(1),CNCB0(0),FF 02 D3 0D 00 04 00 07 B5 80 0D 1F 97 FC 00 10 10 DE B6 03
2016-10-15 14:16:08.853000,com5(1),CNCB0(0),FF 02 D3 0D 00 04 00 97 AE 93 0D 1F E5 60 00 10 28 F1 74 03
2016-10-15 14:16:16.700000,com5(1),CNCB0(0),FF 02 D3 0D 00 04 00 00 03 71 0D 1F ED 21 00 10 38 3E B8 03
2016-10-15 14:16:21.146000,com5(1),CNCB0(0),FF 02 D3 0D 00 04 00 1E 37 FE 0D 1F F1 F3 00 10 40 FF D7 03
2016-10-15 14:17:46.010000,com5(1),CNCB0(0),FF 02 D3 0D 00 04 00 6D E2 78 0D 20 46 CC 00 10 48 B6 D3 03
2016-10-15 14:19:04.307000,com5(1),CNCB0(0),FF 02 D3 0D 00 04 00 94 04 44 0D 20 94 D2 00 10 50 2D B0 03
2016-10-15 14:19:09.112000,com5(1),CNCB0(0),FF 02 D3 0D 00 04 00 1F 5F F4 0D 20 99 A7 00 10 58 44 59 03
2016-10-15 14:19:48.658000,com5(1),CNCB0(0),FF 02 D3 0D 00 04 00 04 A8 8F 0D 20 C1 5A 00 10 60 41 66 03
2016-10-15 14:19:51.060000,com5(1),CNCB0(0),FF 02 D3 0D 00 04 00 02 83 3D 0D 20 C3 7E 00 10 68 7F 20 03
2016-10-15 14:19:58.564000,com5(1),CNCB0(0),FF 02 D3 0D 00 04 00 1F BA 76 0D 20 CB 18 00 10 70 D5 17 03
2016-10-15 14:20:15.178000,com5(1),CNCB0(0),FF 02 D3 0D 00 04 00 00 11 74 0D 20 DB 9C 00 10 78 60 87 03
2016-10-15 14:20:56.455000,com5(1),CNCB0(0),FF 02 D3 0D 00 04 00 7A 3D D6 0D 21 05 3D 00 10 80 ED 4E 03
2016-10-15 14:21:09.341000,com5(1),CNCB0(0),FF 02 D3 0D 00 04 00 03 1D 68 0D 21 11 C6 00 10 88 CB 5D 03
2016-10-15 14:21:59.183000,com5(1),CNCB0(0),FF 02 D3 0D 00 04 00 15 74 AB 0D 21 43 B5 00 10 90 90 AB 03
2016-10-15 14:22:11.585000,com5(1),CNCB0(0),FF 02 D3 0D 00 04 00 03 80 36 0D 21 50 48 00 10 98 CD 00 03
2016-10-15 14:22:16.234000,com5(1),CNCB0(0),FF 02 D3 0D 00 04 00 1F 5F DB 0D 21 54 7C 00 10 A0 FB 2C 03
2016-10-15 14:22:33.378000,com5(1),CNCB0(0),FF 02 D3 0D 00 04 00 15 4D B2 0D 21 66 2E 00 10 A8 EF 77 03
2016-10-15 14:22:45.047000,com5(1),CNCB0(0),FF 02 D3 0D 00 04 00 15 A3 54 0D 21 71 D9 00 10 B0 DD FD 03
2016-10-15 14:25:10.830000,com5(1),CNCB0(0),FF 02 D3 0D 00 04 00 07 B5 B2 0D 22 03 9B 00 10 B8 DA 9B 03
2016-10-15 14:25:27.381000,com5(1),CNCB0(0),FF 02 D3 0D 00 04 00 79 EE F5 0D 22 14 29 00 10 C8 69 87 03
2016-10-15 14:26:02.388000,com5(1),CNCB0(0),FF 02 D3 0D 00 04 00 6D F3 FC 0D 22 36 E6 00 10 D0 70 1F 03
2016-10-15 14:26:51.965000,com5(1),CNCB0(0),FF 02 D3 0D 00 04 00 47 F0 EE 0D 22 68 C2 00 10 D8 B2 3E 03
2016-10-15 14:26:57.378000,com5(1),CNCB0(0),FF 02 D3 0D 00 04 00 1F ED AD 0D 22 6E 2D 00 10 E0 25 0F 03
2016-10-15 14:27:41.261000,com5(1),CNCB0(0),FF 02 D3 0D 00 04 00 78 80 B9 0D 22 9A 0B 00 10 E8 3C C3 03
2016-10-15 14:28:12.445000,com5(1),CNCB0(0),FF 02 D3 0D 00 04 00 04 41 3A 0D 22 B9 25 00 10 F0 9B 8C 03
2016-10-15 14:30:29.602000,com5(1),CNCB0(0),FF 02 D3 0D 00 04 00 1F 18 2F 0D 23 42 66 00 10 F8 10 D8 03
2016-10-15 14:31:46.885000,com5(1),CNCB0(0),FF 02 D3 0D 00 04 00 04 40 E6 0D 23 8F 94 00 11 00 9B E9 03
2016-10-15 14:32:13.608000,com5(1),CNCB0(0),FF 02 D3 0D 00 04 00 76 43 10 0D 23 AA 66 00 11 08 AC A1 03
2016-10-15 14:38:48.678000,com5(1),CNCB0(0),FF 02 D3 0D 00 04 00 6D F2 9C 0D 25 35 35 00 11 10 75 08 03
2016-10-15 14:39:29.956000,com5(1),CNCB0(0),FF 02 D3 0D 00 04 00 1F 43 5C 0D 25 5E C4 00 11 18 0C 97 03
2016-10-15 14:40:11.140000,com5(1),CNCB0(0),FF 02 D3 0D 00 04 00 02 59 C0 0D 25 87 95 00 11 20 BB 9D 03
2016-10-15 14:41:32.338000,com5(1),CNCB0(0),FF 02 D3 0D 00 04 00 03 80 3A 0D 25 D8 C8 00 11 28 5A 19 03
2016-10-15 14:41:49.529000,com5(1),CNCB0(0),FF 02 D3 0D 00 04 00 74 20 8A 0D 25 EA 55 00 11 30 38 6D 03
2016-10-15 14:41:57.688000,com5(1),CNCB0(0),FF 02 D3 0D 00 04 00 03 9B AC 0D 25 F2 21 00 11 38 60 1D 03
2016-10-15 14:42:01.167000,com5(1),CNCB0(0),FF 02 D3 0D 00 04 00 6D E2 73 0D 25 F5 F8 00 11 40 4B 5B 03
2016-10-15 14:42:10.246000,com5(1),CNCB0(0),FF 02 D3 0D 00 04 00 02 80 1F 0D 25 FE B0 00 11 48 E5 45 03
2016-10-15 14:42:16.705000,com5(1),CNCB0(0),FF 02 D3 0D 00 04 00 1F 50 F9 0D 26 05 86 00 11 50 82 10 03
2016-10-15 14:42:23.569000,com5(1),CNCB0(0),FF 02 D3 0D 00 04 00 83 9D D4 0D 26 0C 5C 00 11 58 31 07 03
2016-10-15 14:42:36.236000,com5(1),CNCB0(0),FF 02 D3 0D 00 04 00 1E D1 EA 0D 26 18 C8 00 11 60 14 A8 03
2016-10-15 14:42:40.698000,com5(1),CNCB0(0),FF 02 D3 0D 00 04 00 04 2E 8B 0D 26 1D 67 00 11 70 84 14 03
2016-10-15 14:44:01.163000,com5(1),CNCB0(0),FF 02 D3 0D 00 04 00 1E DA F0 0D 26 6D B3 00 11 78 25 7A 03
2016-10-15 14:44:03.440000,com5(1),CNCB0(0),FF 02 D3 0D 00 04 00 15 4D BE 0D 26 6F FA 00 11 80 70 C9 03
2016-10-15 14:44:39.601000,com5(1),CNCB0(0),FF 02 D3 0D 00 04 00 6D F2 97 0D 26 93 D5 00 11 88 93 83 03
2016-10-15 14:44:48.867000,com5(1),CNCB0(0),FF 02 D3 0D 00 04 00 00 B0 78 0D 26 9D 51 00 11 90 61 52 03
2016-10-15 14:45:07.041000,com5(1),CNCB0(0),FF 02 D3 0D 00 04 00 03 9B AA 0D 26 AF BE 00 11 98 69 61 03
2016-10-15 14:45:26.042000,com5(1),CNCB0(0),FF 02 D3 0D 00 04 00 03 03 20 0D 26 C2 C1 00 11 A0 32 B9 03
2016-10-15 14:45:36.806000,com5(1),CNCB0(0),FF 02 D3 0D 00 04 00 1F 43 4E 0D 26 CD 59 00 11 A8 D8 A1 03
2016-10-15 14:46:37.787000,com5(1),CNCB0(0),FF 02 D3 0D 00 04 00 15 4D CB 0D 27 0A 9A 00 11 B0 71 70 03
2016-10-15 14:46:48.130000,com5(1),CNCB0(0),FF 02 D3 0D 00 04 00 03 F7 FE 0D 27 14 D7 00 11 B8 82 27 03
2016-10-15 14:48:31.215000,com5(1),CNCB0(0),FF 02 D3 0D 00 04 00 7E 34 E6 0D 27 7B 75 00 11 C0 0B 5A 03
2016-10-15 14:53:24.121000,com5(1),CNCB0(0),FF 02 D3 0D 00 04 00 15 7C A2 0D 28 A0 AC 00 11 C8 FF 6F 03
2016-10-15 14:53:57.255000,com5(1),CNCB0(0),FF 02 D3 0D 00 04 00 00 B0 EE 0D 28 C1 F9 00 11 D0 84 D9 03
2016-10-15 14:54:08.050000,com5(1),CNCB0(0),FF 02 D3 0D 00 04 00 04 A8 99 0D 28 CC C5 00 11 D8 02 4C 03
2016-10-15 14:54:31.419000,com5(1),CNCB0(0),FF 02 D3 0D 00 04 00 7B 24 35 0D 28 E3 F3 00 11 E0 82 05 03
2016-10-15 14:55:04.819000,com5(1),CNCB0(0),FF 02 D3 0D 00 04 00 83 C7 26 0D 29 05 5D 00 11 E8 6B 59 03
2016-10-15 14:55:42.493000,com5(1),CNCB0(0),FF 02 D3 0D 00 04 00 1E D1 D9 0D 29 2B 0C 00 11 F0 C5 69 03
2016-10-15 14:56:18.342000,com5(1),CNCB0(0),FF 02 D3 0D 00 04 00 07 B5 D2 0D 29 4F 21 00 11 F8 06 83 03
2016-10-15 14:57:40.928000,com5(1),CNCB0(0),FF 02 D3 0D 00 04 00 1F 17 F8 0D 29 A1 7A 00 12 00 7C 28 03
2016-10-15 15:04:30.023000,com5(1),CNCB0(0),FF 02 D3 0D 00 04 00 15 A3 4C 0D 2B 3A DC 00 12 08 63 18 03
2016-10-15 15:05:10.412000,com5(1),CNCB0(0),FF 02 D3 0D 00 04 00 6D E2 70 0D 2B 63 39 00 12 10 AD 9C 03
2016-10-15 15:05:17.994000,com5(1),CNCB0(0),FF 02 D3 0D 00 04 00 1F 59 03 0D 2B 6A 44 00 12 18 6E ED 03
2016-10-15 15:05:22.986000,com5(1),CNCB0(0),FF 02 D3 0D 00 04 00 1E ED 66 0D 2B 6F 8C 00 12 20 BB FC 03
2016-10-15 15:06:09.333000,com5(1),CNCB0(0),FF 02 D3 0D 00 04 00 04 BF 48 0D 2B 9E 0E 00 12 28 39 2E 03
2016-10-15 15:07:04.729000,com5(1),CNCB0(0),FF 02 D3 0D 00 04 00 8A E2 7E 0D 2B D5 46 00 12 30 4A 6A 03
2016-10-15 15:08:58.484000,com5(1),CNCB0(0),FF 02 D3 0D 00 04 00 1E E6 41 0D 2C 47 50 00 12 38 99 61 03
2016-10-15 15:09:04.584000,com5(1),CNCB0(0),FF 02 D3 0D 00 04 00 04 BF 4F 0D 2C 4D 0B 00 12 40 2B 56 03
2016-10-15 15:10:22.802000,com5(1),CNCB0(0),FF 02 D3 0D 00 04 00 00 B3 5C 0D 2C 9B 44 00 12 48 55 25 03
2016-10-15 15:10:59.541000,com5(1),CNCB0(0),FF 02 D3 0D 00 04 00 1F 88 30 0D 2C C0 60 00 12 50 8F 9E 03
2016-10-15 15:11:02.520000,com5(1),CNCB0(0),FF 02 D3 0D 00 04 00 6D E2 74 0D 2C C3 58 00 12 58 67 10 03
2016-10-15 15:11:44.547000,com5(1),CNCB0(0),FF 02 D3 0D 00 04 00 15 4E 0C 0D 2C ED 5F 00 12 60 3A 21 03
2016-10-15 15:12:39.521000,com5(1),CNCB0(0),FF 02 D3 0D 00 04 00 1F C6 22 0D 2D 24 18 00 12 70 0B 37 03
2016-10-15 15:15:12.323000,com5(1),CNCB0(0),FF 02 D3 0D 00 04 00 1F 5F DD 0D 2D BD 2B 00 12 78 17 62 03
2016-10-15 15:17:23.011000,com5(1),CNCB0(0),FF 02 D3 0D 00 04 00 1F 88 14 0D 2E 3F 93 00 12 80 F9 F9 03
2016-10-15 15:17:24.371000,com5(1),CNCB0(0),FF 02 D3 0D 00 04 00 04 40 DC 0D 2E 40 D4 00 12 88 E1 39 03
2016-10-15 15:20:38.719000,com5(1),CNCB0(0),FF 02 D3 0D 00 04 00 15 74 D3 0D 2F 03 91 00 12 90 6F 3A 03
2016-10-15 15:21:25.535000,com5(1),CNCB0(0),FF 02 D3 0D 00 04 00 04 40 FF 0D 2F 32 45 00 12 98 B3 32 03
2016-10-15 15:22:52.084000,com5(1),CNCB0(0),FF 02 D3 0D 00 04 00 1E 9E DF 0D 2F 88 ED 00 12 A0 D2 0D 03
2016-10-15 15:25:22.032000,com5(1),CNCB0(0),FF 02 D3 0D 00 04 00 00 B2 01 0D 30 1E C3 00 12 A8 36 00 03
2016-10-15 15:25:31.828000,com5(1),CNCB0(0),FF 02 D3 0D 00 04 00 15 4D EE 0D 30 28 AD 00 12 B0 7B 61 03
2016-10-15 15:26:17.240000,com5(1),CNCB0(0),FF 02 D3 0D 00 04 00 1E DA FE 0D 30 55 88 00 12 C0 F6 56 03
2016-10-15 15:26:56.271000,com5(1),CNCB0(0),FF 02 D3 0D 00 04 00 0D 8E 1F 0D 30 7D 15 00 12 C8 97 AB 03
2016-10-15 15:29:15.408000,com5(1),CNCB0(0),FF 02 D3 0D 00 04 00 89 68 E3 0D 31 07 A9 00 12 D8 7E CD 03
2016-10-15 15:32:13.498000,com5(1),CNCB0(0),FF 02 D3 0D 00 04 00 1F 5F FE 0D 31 BA 12 00 12 E0 44 85 03
2016-10-15 15:33:30.921000,com5(1),CNCB0(0),FF 02 D3 0D 00 04 00 00 B3 B8 0D 32 07 AB 00 12 E8 A7 43 03
2016-10-15 15:36:40.680000,com5(1),CNCB0(0),FF 02 D3 0D 00 04 00 1F DD 38 0D 32 C5 87 00 12 F0 BA 41 03
2016-10-15 15:37:44.998000,com5(1),CNCB0(0),FF 02 D3 0D 00 04 00 15 4D DC 0D 33 05 D7 00 12 F8 E0 8E 03
2016-10-15 15:41:09.468000,com5(1),CNCB0(0),FF 02 D3 0D 00 04 00 15 4D 9B 0D 33 D2 53 00 13 00 7D 8C 03
2016-10-15 15:43:04.237000,com5(1),CNCB0(0),FF 02 D3 0D 00 04 00 1E D1 D1 0D 34 44 D2 00 13 08 F2 B4 03
2016-10-15 15:43:23.363000,com5(1),CNCB0(0),FF 02 D3 0D 00 04 00 04 40 EA 0D 34 58 1D 00 13 10 27 5E 03
2016-10-15 15:47:05.476000,com5(1),CNCB0(0),FF 02 D3 0D 00 04 00 97 AD 65 0D 35 36 52 00 13 18 7B E8 03
2016-10-15 15:47:12.418000,com5(1),CNCB0(0),FF 02 D3 0D 00 04 00 0F 5C 38 0D 35 3D 00 00 13 20 F4 5E 03
2016-10-15 15:47:27.035000,com5(1),CNCB0(0),FF 02 D3 0D 00 04 00 1F 88 34 0D 35 4B E3 00 13 28 61 E0 03
2016-10-15 15:47:34.133000,com5(1),CNCB0(0),FF 02 D3 0D 00 04 00 8A E2 CA 0D 35 52 F7 00 13 30 15 97 03
2016-10-15 15:47:36.286000,com5(1),CNCB0(0),FF 02 D3 0D 00 04 00 1F 75 3A 0D 35 54 93 00 13 38 27 EA 03
2016-10-15 15:48:08.001000,com5(1),CNCB0(0),FF 02 D3 0D 00 04 00 80 E9 BC 0D 35 74 91 00 13 40 E4 FA 03
2016-10-15 15:54:56.940000,com5(1),CNCB0(0),FF 02 D3 0D 00 04 00 03 F8 09 0D 37 0D B1 00 13 48 0E 04 03
2016-10-15 15:57:14.501000,com5(1),CNCB0(0),FF 02 D3 0D 00 04 00 7C D2 FA 0D 37 97 57 00 13 50 1D 23 03
2016-10-15 15:57:18.339000,com5(1),CNCB0(0),FF 02 D3 0D 00 04 00 00 B1 54 0D 37 9A D4 00 13 58 F6 24 03
2016-10-15 15:58:16.886000,com5(1),CNCB0(0),FF 02 D3 0D 00 04 00 15 81 C9 0D 37 D5 BF 00 13 60 E8 BC 03
2016-10-15 15:59:04.076000,com5(1),CNCB0(0),FF 02 D3 0D 00 04 00 1E D1 E0 0D 38 04 AA 00 13 68 A4 FA 03
2016-10-15 16:00:49.548000,com5(1),CNCB0(0),FF 02 D3 0D 00 04 00 8C 65 69 0D 38 6E 20 00 13 70 A6 BB 03
2016-10-15 16:01:57.080000,com5(1),CNCB0(0),FF 02 D3 0D 00 04 00 7D 6E EA 0D 38 B1 EF 00 13 78 92 36 03
2016-10-15 16:06:53.839000,com5(1),CNCB0(0),FF 02 D3 0D 00 04 00 98 24 8B 0D 39 DA B1 00 13 80 CF 9C 03
2016-10-15 16:07:55.818000,com5(1),CNCB0(0),FF 02 D3 0D 00 04 00 13 E1 01 0D 3A 18 AF 00 13 88 37 12 03
2016-10-15 16:09:39.091000,com5(1),CNCB0(0),FF 02 D3 0D 00 04 00 03 F7 AC 0D 3A 7F DD 00 13 90 E4 49 03
2016-10-15 16:14:37.379000,com5(1),CNCB0(0),FF 02 D3 0D 00 04 00 1E A8 2C 0D 3B AA 42 00 13 98 D0 A5 03
2016-10-15 16:14:39.454000,com5(1),CNCB0(0),FF 02 D3 0D 00 04 00 1F 50 D5 0D 3B AC 0F 00 13 A0 67 80 03
2016-10-15 16:14:57.830000,com5(1),CNCB0(0),FF 02 D3 0D 00 04 00 1F C6 33 0D 3B BE 70 00 13 A8 0A AB 03
2016-10-15 16:15:15.552000,com5(1),CNCB0(0),FF 02 D3 0D 00 04 00 02 83 3B 0D 3B D0 54 00 13 B0 5B 8F 03
2016-10-15 16:18:15.966000,com5(1),CNCB0(0),FF 02 D3 0D 00 04 00 1F ED B1 0D 3C 84 95 00 13 B8 E4 D8 03
2016-10-15 16:21:18.674000,com5(1),CNCB0(0),FF 02 D3 0D 00 04 00 1F C6 39 0D 3D 3B 8C 00 13 C0 A1 14 03
2016-10-15 16:23:52.537000,com5(1),CNCB0(0),FF 02 D3 0D 00 04 00 1E E6 42 0D 3D D5 69 00 13 C8 86 E2 03
2016-10-15 16:24:27.653000,com5(1),CNCB0(0),FF 02 D3 0D 00 04 00 15 4D A1 0D 3D F8 43 00 13 D0 9F B0 03
2016-10-15 16:25:23.095000,com5(1),CNCB0(0),FF 02 D3 0D 00 04 00 76 82 F9 0D 3E 2F F6 00 13 D8 43 34 03
